,Left,Right,Max,Group
10/25/2014 8:41:22,22,58,58,CC students
10/25/2014 8:41:18,64,34,64,
10/25/2014 8:41:28,47,70,70,
10/25/2014 8:41:38,18,47,47,
10/25/2014 8:41:43,22,63,63,
10/25/2014 8:41:44,45,22,45,
10/25/2014 8:41:48,30,68,68,
10/25/2014 8:41:47,38,70,70,
10/25/2014 8:41:50,36,64,64,
10/25/2014 8:42:02,29,62,62,
10/25/2014 8:42:01,22,62,62,
10/25/2014 8:42:00,30,76,76,
10/25/2014 8:42:05,7,60,60,
10/25/2014 8:42:12,38,63,63,
10/25/2014 8:42:12,25,51,51,
10/25/2014 8:42:15,41,68,68,
10/25/2014 8:42:18,53,28,53,
10/25/2014 8:42:23,35,62,62,
10/25/2014 8:42:26,32,61,61,
10/25/2014 8:42:27,24,48,48,
10/25/2014 8:42:34,18,67,67,
10/25/2014 8:42:44,23,60,60,
10/25/2014 8:42:45,27,60,60,
10/25/2014 8:42:53,13,74,74,
10/25/2014 8:42:56,34,59,59,
10/25/2014 8:43:26,30,51,51,
10/25/2014 8:43:35,19,57,57,
10/25/2014 8:44:11,18,48,48,
10/25/2014 8:47:21,24,46,46,
10/27/2014 12:27:54,17,41,41,
3/25/2015 12:58:24,15,37,37,Faculty
3/25/2015 12:58:28,26,48,48,
3/25/2015 12:58:36,27,57,57,
3/25/2015 12:58:37,40,49,49,
3/25/2015 12:58:53,19,53,53,
3/25/2015 12:58:57,42,34,42,
3/25/2015 12:59:04,35,56,56,
3/25/2015 12:59:05,18,49,49,
3/25/2015 12:59:05,26,52,52,
3/25/2015 12:59:08,49,25,49,
3/25/2015 12:59:09,40,50,50,
3/25/2015 12:59:15,22,50,50,
3/25/2015 12:59:17,6,38,38,
3/25/2015 12:59:27,33,62,62,
3/25/2015 12:59:30,37,73,73,
3/4/2017 9:37:58,29,51,51,
3/4/2017 9:38:08,30,45,45,
3/4/2017 9:38:11,25,62,62,
3/4/2017 9:38:14,26,62,62,
3/4/2017 9:38:21,12,44,44,
3/4/2017 9:38:28,37,58,58,
3/4/2017 9:38:30,34,64,64,
3/4/2017 9:38:31,16,32,32,
3/4/2017 9:38:34,22,51,51,
3/4/2017 9:38:42,39,60,60,
3/4/2017 9:38:45,33,55,55,
3/4/2017 9:38:50,19,49,49,
3/4/2017 9:39:11,14,36,36,
3/4/2017 9:39:20,24,60,60,
3/4/2017 9:39:22,11,35,35,
3/4/2017 9:39:33,70,100,100,
3/4/2017 9:39:45,16,40,40,
3/4/2017 9:39:54,40,17,40,
3/4/2017 9:40:03,21,45,45,
3/4/2017 9:40:17,17,52,52,
3/4/2017 9:47:14,39,60,60,
3/4/2017 9:47:14,37,58,58,
3/4/2017 9:49:33,39,60,60,
3/21/2017 12:38:55,31,54,54,
3/21/2017 12:38:57,28,50,50,
3/21/2017 12:39:09,28,51,51,
3/21/2017 12:39:09,28,52,52,
3/21/2017 12:39:09,28,52,52,
3/21/2017 12:39:14,54,38,54,
3/21/2017 12:39:39,26,69,69,
3/21/2017 12:39:46,19,39,39,
3/21/2017 12:39:47,25,41,41,
3/21/2017 12:39:54,33,42,42,
3/21/2017 12:39:59,28,51,51,
3/21/2017 12:40:01,34,60,60,
3/21/2017 12:40:06,22,61,61,
3/21/2017 12:40:18,29,52,52,
3/21/2017 12:40:27,34,58,58,
3/21/2017 12:40:33,49,21,49,
3/21/2017 12:41:08,28,45,45,
2/26/2020 9:54:45,27,56,56,2020 class
2/26/2020 9:54:46,23,46,46,
2/26/2020 9:54:46,50,44,50,
2/26/2020 9:54:48,33,53,53,
2/26/2020 9:54:48,44,55,55,
2/26/2020 9:54:48,38,58,58,
2/26/2020 9:54:48,31,57,57,
2/26/2020 9:54:49,20,53,53,
2/26/2020 9:54:49,30,49,49,
2/26/2020 9:54:49,32,53,53,
2/26/2020 9:54:50,23,56,56,
2/26/2020 9:54:50,35,60,60,
2/26/2020 9:54:50,17,48,48,
2/26/2020 9:54:50,24,52,52,
2/26/2020 9:54:51,22,53,53,
2/26/2020 9:54:52,28,50,50,
2/26/2020 9:54:55,27,53,53,
2/26/2020 9:54:55,19,42,42,
2/26/2020 9:54:56,32,59,59,
2/26/2020 9:54:58,26,48,48,
2/26/2020 9:55:08,26,47,47,
2/26/2020 9:55:55,25,50,50,
2/27/2020 11:25:32,19,56,56,
2/27/2020 11:25:37,15,40,40,
2/27/2020 11:25:37,28,56,56,
2/27/2020 11:25:40,28,57,57,
2/27/2020 11:25:42,24,36,36,
2/27/2020 11:25:45,16,51,51,
2/27/2020 11:25:46,69,69,69,
2/27/2020 11:25:54,22,45,45,
2/27/2020 11:25:54,12,38,38,
2/27/2020 11:26:01,32,56,56,
2/27/2020 11:26:03,49,19,49,
2/27/2020 11:26:06,29,69,69,
2/27/2020 11:26:06,58,46,58,
2/27/2020 11:26:09,34,52,52,
2/27/2020 11:26:11,15,38,38,
2/27/2020 11:26:17,27,49,49,
2/27/2020 11:27:01,11,15,15,
2/27/2020 11:27:07,21,47,47,
2/27/2020 11:27:25,32,56,56,
2/27/2020 11:27:41,19,65,65,
9/15/2023 11:30:23,30,66,66,2023 Fall
9/15/2023 11:30:31,30,51,51,
9/15/2023 11:30:59,42,65,65,
9/15/2023 11:31:02,41,48,48,
9/15/2023 11:31:05,24,45,45,
9/15/2023 11:31:07,26,53,53,
9/15/2023 11:31:07,34,54,54,
9/15/2023 11:31:15,51,32,51,
9/15/2023 11:31:18,50,72,72,
9/15/2023 11:31:25,71,37,71,
9/15/2023 11:31:31,51,32,51,
9/15/2023 11:31:34,41,77,77,
9/15/2023 11:31:40,25,51,51,
9/15/2023 11:31:41,32,80,80,
9/15/2023 11:31:45,42,30,42,
9/15/2023 11:31:50,27,49,49,
9/15/2023 11:31:54,24,47,47,
9/15/2023 11:31:57,58,82,82,
9/15/2023 11:31:58,31,48,48,
9/15/2023 11:32:06,49,90,90,
9/15/2023 11:32:18,43,68,68,
9/15/2023 11:32:19,45,63,63,
9/15/2023 11:32:22,33,54,54,
9/15/2023 11:32:36,48,89,89,
9/15/2023 11:32:47,29,62,62,
9/15/2023 11:32:48,35,55,55,
9/15/2023 11:32:49,39,71,71,
9/15/2023 11:33:47,35,49,49,
9/15/2023 11:34:03,59,78,78,
9/18/2023 20:38:37,21,50,50,
2/16/2024 11:33:22,17,50,50, S24
2/16/2024 11:33:28,19,44,44,
2/16/2024 11:33:42,11,34,34,
2/16/2024 11:33:47,25,57,57,
2/16/2024 11:33:50,26,50,50,
2/16/2024 11:33:51,38,60,60,
2/16/2024 11:33:51,33,51,51,
2/16/2024 11:33:53,25,48,48,
2/16/2024 11:33:56,26,52,52,
2/16/2024 11:33:56,31,59,59,
2/16/2024 11:33:58,32,62,62,
2/16/2024 11:34:03,8,52,52,
2/16/2024 11:34:22,26,56,56,
2/16/2024 11:34:23,54,31,54,
2/16/2024 11:34:33,28,75,75,
2/16/2024 11:34:35,26,52,52,
2/16/2024 11:34:36,32,52,52,
2/16/2024 11:34:37,48,34,48,
2/16/2024 11:34:38,37,62,62,
2/16/2024 11:34:49,56,66,66,
2/16/2024 11:34:52,28,48,48,
2/19/2024 14:14:23,23,35,35,
2/20/2024 19:41:46,21,50,50,
2/21/2024 10:42:16,25,42,42,
2/21/2024 10:42:35,20,45,45,
2/21/2024 10:42:47,32,45,45,
2/21/2024 11:30:01,17,50,50,
2/21/2024 11:30:04,28,49,49,
2/21/2024 11:30:43,24,35,35,
2/22/2024 0:08:15,46,71,71,
2/22/2024 8:34:03,24,46,46,
9/20/2024 15:48:50,33,55,55,Fall 2024
9/20/2024 15:49:04,24,54,54,
9/20/2024 15:49:06,35,58,58,
9/20/2024 15:49:10,18,46,46,
9/20/2024 15:49:18,31,56,56,
9/20/2024 15:49:19,29,52,52,
9/20/2024 15:49:25,28,52,52,
9/20/2024 15:49:28,33,53,53,
9/20/2024 15:49:28,27,54,54,
9/20/2024 15:49:34,29,48,48,
9/20/2024 15:49:57,35,51,51,
9/20/2024 15:50:09,44,52,52,
9/20/2024 15:50:30,51,75,75,
9/20/2024 15:50:56,14,49,49,
9/20/2024 15:50:56,32,56,56,
9/20/2024 15:50:57,27,53,53,
9/20/2024 15:50:58,53,61,61,
9/20/2024 15:50:59,35,58,58,
9/20/2024 15:51:07,34,50,50,
9/20/2024 15:54:03,32,76,76,
9/20/2024 15:55:54,32,60,60,
9/20/2024 15:55:55,28,65,65,
9/23/2024 15:02:49,29,48,48,
9/23/2024 15:03:07,49,31,49,
9/23/2024 15:03:18,54,60,60,
9/23/2024 15:03:55,21,46,46,
9/23/2024 15:04:07,32,76,76,
9/23/2024 15:04:09,35,60,60,
9/23/2024 15:04:17,48,54,54,
9/23/2024 15:05:14,29,52,52,
9/23/2024 15:05:51,45,60,60,
9/20/2024 16:57:09,19,31,31,
9/20/2024 16:57:38,30,68,68,
9/20/2024 16:57:41,31,60,60,
9/20/2024 16:57:56,36,59,59,
9/20/2024 16:58:08,16,50,50,
9/20/2024 16:58:10,15,37,37,
9/20/2024 16:58:31,23,33,33,
9/20/2024 16:59:30,9,52,52,
9/20/2024 16:59:33,16,50,50,
9/20/2024 16:59:34,24,43,43,
9/20/2024 16:59:41,20,41,41,
9/20/2024 17:00:23,18,52,52,
9/20/2024 17:00:29,20,51,51,
9/20/2024 17:00:43,24,46,46,
9/20/2024 17:00:53,42,70,70,
9/20/2024 17:00:59,16,45,45,
9/20/2024 17:01:02,21,49,49,
9/20/2024 17:01:42,26,48,48,
9/23/2024 16:06:34,18,51,51,
9/23/2024 16:09:16,57,87,87,
9/23/2024 16:11:38,19,59,59,
2/19/2025 15:33:55,22,47,47,SP 2025
2/19/2025 15:34:02,17,36,36,
2/19/2025 15:34:11,41,63,63,
2/19/2025 15:34:20,20,52,52,
2/19/2025 15:34:22,51,26,51,
2/19/2025 15:34:25,27,55,55,
2/19/2025 15:34:30,28,52,52,
2/19/2025 15:34:31,39,61,61,
2/19/2025 15:34:32,19,53,53,
2/19/2025 15:34:32,12,37,37,
2/19/2025 15:34:34,22,59,59,
2/19/2025 15:34:36,26,63,63,
2/19/2025 15:34:37,24,54,54,
2/19/2025 15:34:39,24,56,56,
2/19/2025 15:34:43,12,48,48,
2/19/2025 15:34:43,27,55,55,
2/19/2025 15:34:45,36,67,67,
2/19/2025 15:34:50,20,52,52,
2/19/2025 15:34:52,28,52,52,
2/19/2025 15:35:00,15,38,38,
2/19/2025 15:35:16,55,43,55,
2/19/2025 15:35:26,28,57,57,
2/19/2025 15:35:42,26,56,56,
2/19/2025 15:35:48,24,52,52,
2/19/2025 15:38:40,36,56,56,
2/19/2025 16:43:04,33,65,65,
2/19/2025 16:43:19,27,37,37,
2/19/2025 16:43:40,23,46,46,
2/19/2025 16:43:46,42,65,65,
2/19/2025 16:43:52,15,39,39,
2/19/2025 16:44:00,36,54,54,
2/19/2025 16:44:12,37,70,70,
2/19/2025 16:44:13,20,49,49,
2/19/2025 16:44:16,26,51,51,
2/19/2025 16:44:24,23,54,54,
2/19/2025 16:44:29,57,85,85,
2/19/2025 16:45:05,18,47,47,
2/19/2025 16:49:31,12,36,36,
2/19/2025 16:52:45,36,16,36,
9/22/2025 15:35:45,31,52,52,F25
9/22/2025 15:36:04,43,26,43,
9/22/2025 15:36:15,29,54,54,
9/22/2025 15:36:28,20,39,39,
9/22/2025 15:36:33,24,56,56,
9/22/2025 15:36:33,30,49,49,
9/22/2025 15:36:34,25,54,54,
9/22/2025 15:36:36,18,40,40,
9/22/2025 15:36:37,27,56,56,
9/22/2025 15:36:38,37,63,63,
9/22/2025 15:36:42,18,34,34,
9/22/2025 15:36:42,23,56,56,
9/22/2025 15:36:45,26,55,55,
9/22/2025 15:36:57,29,60,60,
9/22/2025 15:37:01,37,62,62,
9/22/2025 15:37:02,28,52,52,
9/22/2025 15:37:03,26,50,50,
9/22/2025 15:37:11,29,52,52,
9/22/2025 15:37:15,14,53,53,
9/22/2025 15:37:22,42,60,60,
9/22/2025 15:37:22,27,50,50,
9/22/2025 15:37:32,51,27,51,
9/22/2025 15:37:37,71,52,71,
9/22/2025 15:37:51,35,61,61,
9/22/2025 15:40:11,50,60,60,
9/22/2025 16:34:15,22,53,53,
9/22/2025 16:34:30,57,38,57,
9/22/2025 16:34:47,24,54,54,
9/22/2025 16:34:47,29,49,49,
9/22/2025 16:38:42,23,57,57,
9/23/2025 10:37:45,19,37,37,
9/23/2025 20:39:03,32,46,46,
9/24/2025 16:20:43,32,48,48,
9/24/2025 17:03:41,47,58,58,
9/25/2025 1:35:36,38,49,49,
2/13/2026 15:56:19,25,49,49,Spring 2026
2/13/2026 15:56:20,24,52,52,
2/13/2026 15:56:24,22,36,36,
2/13/2026 15:56:36,21,60,60,
2/13/2026 15:56:42,30,51,51,
2/13/2026 15:56:50,27,44,44,
2/13/2026 15:56:52,46,55,55,
2/13/2026 15:57:05,21,43,43,
2/13/2026 16:04:52,19,48,48,
2/13/2026 16:15:10,31,52,52,
2/13/2026 16:57:50,26,56,56,
2/13/2026 16:57:53,44,30,44,
2/13/2026 16:57:55,29,64,64,
2/13/2026 16:58:01,45,67,67,
2/13/2026 16:58:27,27,54,54,
2/13/2026 16:58:33,27,54,54,
2/13/2026 16:58:48,32,41,41,
2/13/2026 16:58:54,22,49,49,
2/13/2026 16:59:05,21,75,75,
2/13/2026 18:46:07,25,56,56,
2/13/2026 20:20:08,41,75,75,
2/15/2026 9:58:52,55,29,55,
2/16/2026 23:39:39,39,66,66,
2/16/2026 23:39:55,39,66,66,
2/17/2026 21:18:57,17,46,46,
2/18/2026 11:10:58,27,36,36,
2/18/2026 15:39:07,21,43,43,
2/18/2026 21:31:09,36,63,63,
9/21/2026 9:53:00,31,60,60,Fall 2026
9/21/2026 9:53:07,50,31,50,
9/21/2026 9:53:24,27,40,40,
9/21/2026 9:53:27,31,59,59,
9/21/2026 9:53:56,31,74,74,
9/21/2026 9:53:58,31,53,53,
9/21/2026 9:54:00,19,58,58,
9/21/2026 9:54:03,35,35,35,
9/21/2026 9:54:13,30,58,58,
9/21/2026 9:54:23,27,52,52,
9/21/2026 9:54:37,28,64,64,
9/21/2026 9:54:51,27,46,46,
9/21/2026 9:54:53,34,58,58,
9/21/2026 9:55:25,18,21,21,
9/21/2026 9:55:34,30,47,47,
9/21/2026 9:56:02,14,61,61,
9/21/2026 9:56:02,34,52,52,
9/21/2026 10:55:34,17,38,38,
9/21/2026 10:56:01,19,38,38,
9/21/2026 10:56:06,34,36,36,
9/21/2026 10:56:53,24,41,41,
9/21/2026 10:56:54,19,49,49,
9/21/2026 10:56:54,16,46,46,
9/21/2026 10:56:55,23,49,49,
9/21/2026 10:57:22,26,42,42,
9/21/2026 10:57:42,26,55,55,
9/21/2026 12:02:07,21,49,49,
9/21/2026 12:02:17,18,71,71,
9/21/2026 12:02:35,23,47,47,
9/21/2026 12:02:47,17,47,47,
9/21/2026 12:02:48,19,50,50,
9/21/2026 12:02:56,23,54,54,
9/21/2026 12:03:38,21,56,56,
9/21/2026 15:17:58,30,52,52,
9/22/2026 15:03:01,46,29,46,