Age,Gender,Location,Height,Weight,BMI,Neck,Chest,Abdomen,Ankle,Biceps,Wrist,BloodSugar,A1C,Systolic,Diastolic,Cholesterol,Smoking,Exercise,BloodType
63,Male,LA,181.1,80,24.4,15.1,53.1,50.2,3.6,12.7,4.1,85.6,4.61,150,83,228,No,Moderate,O
20,Female,Houston,161.4,64.6,24.8,14.2,40.8,48.1,4.5,12.7,3.2,86.1,4.63,132,90,181,No,High,A
46,Male,Atlanta,175.2,91.2,29.7,19.3,50.4,65.1,5.8,14.2,5.1,96,4.97,148,78,201,No,Low,AB
52,Female,Houston,158.2,63.4,25.3,17.1,31.5,45.6,3.7,9.2,3.1,77.7,4.33,141,87,189,No,Moderate,O
56,Female,Dallas,168.7,77.9,27.4,17.6,46.9,60.6,5.2,14.9,3.7,70,4.07,144,86,242,No,Moderate,B
35,Male,Houston,170,67.4,23.3,15.1,35.6,47.5,5.3,11.2,3.7,70,4.07,134,84,209,Yes,Moderate,A
37,Female,LA,172.1,67.3,22.7,14.9,43.4,49,3,15.1,2.9,70,4.07,128,71,203,No,Low,O
60,Female,Seattle,163.9,48.4,18,10.7,26.8,37.8,2.7,9.9,2.6,76.9,4.31,148,87,200,No,High,O
77,Female,Houston,155.2,57.5,23.9,12.9,32.5,40.6,3.7,6.8,2.7,76.1,4.28,156,92,217,No,High,B
75,Female,Seattle,155.1,57.7,24,11.4,45.9,31.3,2.4,6.1,2,76.9,4.31,154,102,223,No,Low,A
40,Female,Dallas,158.3,79.4,31.7,17.3,49.3,68.4,4.1,15.2,5.1,98.9,5.07,135,83,205,No,Low,A
51,Male,Seattle,174,68.9,22.8,15,35.9,54,4.5,10.7,3.4,82.2,4.49,144,80,227,No,Moderate,AB
50,Female,LA,158.5,51.4,20.5,14,37.9,44,3.3,8.8,2.5,86.5,4.64,155,88,202,Yes,High,AB
67,Male,NY,182.1,76.4,23,16.9,55,60,4.8,14,3.3,71.2,4.11,137,83,213,No,High,A
65,Male,Seattle,175.4,78.8,25.6,18.4,48.2,50,4.6,16,3.7,81.5,4.47,163,86,203,Yes,Low,O
27,Female,Houston,162.2,70.5,26.8,13.3,40.8,50.2,3.4,13.3,4.3,70,4.07,125,81,173,No,Moderate,O
50,Male,Dallas,179.4,75.6,23.5,15.5,45.6,42.2,3.6,13.8,4,70,4.07,150,83,195,Yes,High,O
64,Female,LA,150.4,87.5,38.7,20.9,57.5,57.9,5.8,10.2,4.4,110.3,5.47,163,97,223,No,Moderate,O
50,Female,LA,156,63.1,25.9,14.5,31.7,35.7,4.2,11.5,2.9,80,4.42,127,86,216,No,Moderate,A
65,Female,LA,172.4,90,30.3,19.1,53.4,69.6,3.9,15.1,4.9,102.6,5.2,158,91,205,No,Low,A
43,Female,Atlanta,164,61.2,22.8,14.2,38,37.8,4.1,11.5,3.8,77.4,4.33,124,80,216,No,Low,A
37,Male,Houston,182.8,128.2,38.4,27.2,72.2,90.8,8.5,19.9,6.4,90.6,4.79,152,78,237,No,Moderate,B
32,Female,Dallas,160.2,69.8,27.2,16,40.9,48.8,3.7,12.6,3,84.9,4.59,144,83,208,No,Moderate,O
79,Female,SF,173.1,92.8,31,19,50.2,66.4,6.5,18.1,5,108.8,5.42,154,93,246,No,Moderate,A
54,Male,LA,156.1,71.1,29.2,15.4,45.9,46.6,5,12.4,3.3,90.3,4.77,148,83,226,No,Moderate,A
50,Female,Seattle,160.6,66.3,25.7,16.4,30.9,55.7,4,9.2,3.4,80.7,4.44,145,80,189,Yes,Moderate,O
34,Female,LA,165.1,97.1,35.6,21.6,60,73.4,5.1,17.1,6,92.2,4.84,145,90,239,No,High,A
22,Male,Atlanta,165.8,70.6,25.7,14.5,45.8,51,4.3,9.7,4,70,4.07,137,82,213,Yes,Moderate,A
67,Male,Dallas,179.3,57.9,18,16.1,46,57.8,4,4.6,3.4,78.2,4.35,136,87,218,No,High,A
73,Female,Atlanta,163.7,64.6,24.1,14.6,40.3,47.7,2.8,13.9,4.3,70.2,4.07,143,90,215,No,Moderate,B
21,Male,Atlanta,175.7,73.3,23.7,16.6,52,50.7,6.3,12.1,3.8,70,4.07,118,69,192,Yes,High,O
20,Male,Dallas,175.8,88.7,28.7,21.3,55,55.3,5.8,12.7,3.7,74.5,4.22,142,77,180,No,High,A
38,Male,SF,175.7,116.5,37.8,22.6,72.4,79.3,6.6,17.1,5.4,113.7,5.59,138,82,201,No,Low,O
57,Female,Seattle,160.9,69.8,27,18,30.9,37.8,3.8,9.3,3.6,98.5,5.06,153,79,248,No,Low,A
20,Female,Atlanta,148.4,68.9,31.3,17.2,36.5,36.6,3.7,10.2,4.1,84.7,4.58,121,85,215,No,High,O
38,Female,Seattle,159.5,68.2,26.8,15.3,48.2,51.1,3.5,12,2.7,78.6,4.36,128,82,203,No,Moderate,A
65,Female,Seattle,162,64.5,24.5,13.8,34.4,47.5,6.2,9.4,3.7,94.6,4.92,164,82,210,No,Low,B
74,Female,LA,163.5,75.7,28.3,17.1,49.6,67.6,5,10.3,3.2,81.3,4.46,156,87,229,No,Moderate,AB
79,Male,LA,174.1,82.4,27.2,20,39.8,49.1,3.6,12.4,3.4,83.9,4.55,171,92,213,No,High,O
66,Female,Seattle,163.2,86.9,32.6,18.6,60,45.4,4.6,14.8,3.9,116.7,5.69,150,88,230,Yes,Low,A
25,Male,Dallas,170,88.2,30.5,18.2,46.7,65.2,5.3,15.6,4.3,104.6,5.27,138,79,196,No,Low,A
59,Female,SF,157.6,77.8,31.3,16.9,46.8,46.3,4.8,8.6,4,89.3,4.74,148,91,198,No,High,A
53,Male,NY,176,88.3,28.5,21.6,56.1,62.6,5.7,14.9,3.9,87.2,4.67,151,90,225,No,Moderate,O
78,Female,Seattle,159.3,68.4,27,16.6,41.8,42.4,4.6,11.3,2.8,80.2,4.42,168,94,220,No,Low,O
46,Male,SF,173.9,110.4,36.5,25.4,70.5,80.9,7.8,17.8,5.2,97.8,5.04,155,89,230,No,Moderate,A
70,Female,SF,162.6,69.3,26.2,14.4,44.4,42.1,3.5,13.2,3.7,82.1,4.49,166,81,235,No,Moderate,A
56,Female,Atlanta,170.1,70.4,24.3,14.2,48.2,53.1,3.7,9.7,3,73.4,4.18,148,77,214,No,High,B
51,Female,SF,157.7,75.4,30.3,15.9,46.2,51.8,3.3,10.7,4,76.9,4.31,143,88,210,No,Moderate,O
39,Female,Seattle,163.9,75.1,27.9,18.7,41,53.7,4,10.2,3.8,87.3,4.67,151,95,225,No,Moderate,A
72,Male,Dallas,162.9,98.4,37.1,21.6,54.9,73.1,5.2,13.5,4.2,115.2,5.64,173,96,250,Yes,Moderate,AB
48,Male,Atlanta,181,86.8,26.5,17.9,62.4,52.3,4.9,17.1,4.3,77.9,4.34,152,85,200,Yes,Moderate,O
45,Male,Seattle,173.6,101.4,33.7,23.4,63.8,72.3,4.9,19.2,4.4,94.7,4.93,142,86,206,No,Low,B
52,Male,Atlanta,172.9,71.7,24,16.2,42.2,46.4,4.1,15.6,4.3,75.3,4.25,126,84,216,Yes,Moderate,A
51,Male,NY,168,84.9,30.1,19.7,46.5,54.9,4,13.5,3.5,95.7,4.96,147,81,216,No,High,O
30,Female,SF,151.1,51,22.3,12.5,38,28.8,2.2,9.6,3.2,79.2,4.39,144,85,202,No,High,O
58,Male,Atlanta,178.2,82.7,26.1,18.6,56.6,53.7,5.2,9.2,3.6,76.8,4.3,159,87,202,No,High,A
21,Male,LA,186.9,84.7,24.2,16.4,53,65.5,5,15.4,4.9,77.8,4.34,114,79,198,Yes,Moderate,A
60,Female,Houston,162.6,65.8,24.9,15.1,41.7,48.5,4.5,13.1,3.7,92.1,4.84,143,89,226,No,Low,O
23,Male,Houston,181.5,92,27.9,20.1,66,66.7,4.8,16.3,3.7,73.8,4.2,118,84,177,No,Moderate,O
18,Female,SF,151.3,77.4,33.8,16,52.6,53.4,4.6,10.9,4.3,92.2,4.84,139,88,223,No,Low,A
29,Female,Houston,150.9,71.6,31.5,14.2,43,46.3,6,9.9,2.6,92,4.83,137,80,202,No,Low,B
52,Male,Houston,172.5,93.2,31.3,23.8,52.4,70.4,5.2,13.8,4.6,81.4,4.46,140,83,221,No,Low,B
76,Female,Seattle,150.8,69.8,30.7,13.4,40.2,37.3,4.4,9.8,2.9,83.7,4.54,169,80,240,No,Low,A
28,Male,Seattle,170.7,56.5,19.4,10,34.3,29,4.1,13,3.4,70,4.07,122,73,185,Yes,Low,A
40,Male,NY,178.6,79.8,25,17,38.8,61.5,4.7,14.4,3,78.1,4.35,140,78,205,No,Moderate,O
31,Female,SF,165.8,112.3,40.9,22.6,69.3,63.3,6.1,16.9,4.7,97.5,5.02,159,83,225,Yes,High,B
36,Female,Houston,162.8,69,26.1,18.6,35,40.6,4.6,8.2,2.8,83.3,4.53,138,75,196,No,Low,B
54,Female,Seattle,155.2,58,24.1,11.1,29.2,38.9,3,9,2.9,77.3,4.32,146,75,208,No,Moderate,O
33,Male,Houston,172.8,66.2,22.2,11.9,41,45.6,3.7,10.1,3.6,70,4.07,129,81,190,No,Low,A
61,Female,Houston,152.7,69,29.6,12.6,52.5,44.3,2.7,8,3.7,83.7,4.54,155,85,192,No,Moderate,A
45,Female,LA,159,66.4,26.2,11.5,46,43.8,3.5,8.9,3.8,78,4.34,142,79,237,No,High,A
79,Female,Dallas,160.9,62.9,24.3,13.5,41,43.4,4.4,10.2,3.8,74.5,4.22,166,88,218,No,Low,O
62,Female,SF,158.7,74.5,29.6,15.7,49.4,52.4,6.6,10.1,4.1,124.5,5.97,160,81,198,No,Moderate,B
48,Male,Seattle,167.4,86.4,30.8,18.9,53.9,55.3,5,15,4.4,105.3,5.3,146,83,201,No,High,A
70,Female,Seattle,151.5,71,30.9,16.8,45.6,54.3,3.6,11.3,3.4,90.1,4.77,155,90,234,No,Moderate,B
24,Male,LA,174,76.2,25.2,14.9,35.5,44,3.4,12.2,3.7,74,4.21,132,69,212,No,High,O
63,Male,Atlanta,176.2,82.4,26.5,16.8,52.1,59.6,4.4,16.4,3.7,73.1,4.18,154,82,235,No,Moderate,B
69,Female,Seattle,169.4,73.9,25.8,17.7,44.5,55.1,4.9,11.3,4.3,87.6,4.68,165,90,223,No,Low,O
44,Female,LA,173.5,87.6,29.1,18.2,52.6,58.8,5.8,11.7,4.3,81.4,4.46,150,84,198,No,Low,O
34,Male,SF,163.1,64.6,24.3,13.9,44.2,40.1,1.8,8.8,4,70,4.07,137,82,171,No,Moderate,B
24,Female,NY,171.1,83.8,28.6,18.7,53.1,55.2,4.3,12.5,4.1,80.4,4.43,128,85,181,No,Low,O
32,Male,Houston,170.3,90.9,31.4,19.2,63.8,68.4,6.4,15,4.3,97.5,5.03,141,80,215,No,Low,A
70,Male,NY,171.6,68.8,23.4,15.1,43,49.3,3.7,11,3.2,90.3,4.77,158,89,214,No,Moderate,A
57,Male,LA,172.3,96.1,32.4,22.9,61,67.8,4.9,15.6,5.2,101.3,5.16,158,89,217,No,Low,AB
29,Male,Houston,170.3,52.2,18,13.7,24.9,35.4,4.7,8,3,70,4.07,131,76,196,No,High,A
72,Female,Houston,162.1,63.1,24,13,29.8,44.6,3.3,10.1,4,70.6,4.09,170,90,212,No,Moderate,O
25,Male,SF,181.7,97.2,29.4,21,54.4,75.8,6.6,18.3,5.2,89.4,4.74,141,85,230,No,Low,B
19,Male,Houston,162.7,66.2,25,11.8,44.3,44.4,3.4,12.4,4,83,4.52,132,82,199,No,Low,A
61,Female,Houston,170.1,70.6,24.4,15.3,48.4,47.1,4.2,9.2,3.8,75.2,4.25,139,81,206,No,Moderate,B
76,Female,LA,155,65.4,27.2,16.2,40.9,46.8,4.3,10.1,2.9,100.5,5.13,151,94,206,Yes,Moderate,AB
55,Female,LA,158.3,60,23.9,15.4,36.4,41.1,4.1,7.8,2,83.9,4.55,151,80,212,No,Moderate,A
73,Male,LA,161.6,65.6,25.1,13.5,34.4,35.7,4.3,11,4.1,92.6,4.85,168,90,219,No,High,O
43,Female,Houston,159.4,72.6,28.6,18.7,52.1,60.8,4.5,9.5,3.1,96.5,4.99,148,85,201,No,Moderate,O
68,Female,SF,159.2,54.7,21.6,15.3,35.5,44.8,2.7,10.6,2.5,76.1,4.28,150,85,241,No,Moderate,O
38,Female,LA,166.5,68.8,24.8,14.5,33.7,45.7,5.9,7.6,3.9,71.3,4.11,125,78,175,Yes,Moderate,A
74,Female,Atlanta,168.6,87.3,30.7,18,56.9,64.3,3.5,13.8,5.3,94.4,4.92,163,89,248,Yes,High,O
67,Female,Houston,167.8,89.6,31.8,19.8,52.8,62.4,4.7,13.1,5.2,85.7,4.61,171,82,211,No,High,O
30,Female,LA,151.1,74.1,32.4,12.7,41.8,40.5,5.3,11.8,4.3,92.7,4.86,136,84,192,No,Moderate,AB
36,Female,Atlanta,161.3,85.2,32.7,18.1,50.2,45.7,6.3,15.1,4.3,89.7,4.75,156,91,186,No,Moderate,A
35,Male,SF,172.2,53.4,18,14.8,34.5,51.9,3,5.1,2.6,70,4.07,136,79,197,Yes,Moderate,A
19,Female,Houston,160.1,56.7,22.1,14.4,41.1,37.3,3.4,12.5,2.2,88.9,4.72,127,71,180,Yes,Low,O
69,Male,LA,177.5,81,25.7,18.8,47.4,62.4,4.3,14.6,4.1,82.5,4.5,149,84,197,Yes,Low,O
62,Male,SF,179.3,93.7,29.1,20.3,67.4,62.5,5,16,4.5,91.7,4.82,151,86,230,No,Low,O
71,Male,Atlanta,176.8,99.4,31.8,22,59.6,69.8,5.1,12.1,4.2,99.4,5.09,155,94,216,No,Low,A
59,Female,Atlanta,164.3,79.2,29.3,18.2,48.2,50.4,4.2,12.5,3.7,82.3,4.49,164,87,206,No,Low,O
66,Male,LA,175.7,69.1,22.4,14.7,38.6,50.7,4.7,9.4,2.9,70,4.07,157,87,190,No,Moderate,A
74,Male,Atlanta,177.1,87.7,28,17.9,60.5,59.1,5.3,14.4,4.6,86.5,4.64,173,83,220,No,High,O
45,Male,NY,169.6,73.5,25.6,16.9,42.4,47,4.3,14.7,4.2,88.1,4.7,138,81,190,No,Moderate,A
67,Female,Houston,166.2,68.5,24.8,15.3,40.3,50.3,3.3,10.8,2.9,95.6,4.96,162,82,231,No,High,AB
40,Female,Seattle,171.8,76.5,25.9,17.4,42.2,67.8,3.3,13.6,4.3,70,4.07,137,79,193,No,High,O
21,Male,Dallas,173.3,89.8,29.9,21.4,61.1,70.7,4.8,13.9,3.8,94.1,4.9,136,74,205,Yes,High,A
21,Female,Houston,157.6,74.6,30.1,19.4,45.6,43.7,4.3,16,3.4,82.7,4.51,125,87,191,No,Low,O
29,Female,NY,162.9,64.7,24.4,14.8,29.4,52.4,2.9,5.6,4.3,85.7,4.61,133,72,159,No,High,B
39,Male,Seattle,177,99.4,31.8,22.5,57.9,68.4,5,15.1,4.9,89.4,4.74,139,80,194,No,Low,O
43,Male,Seattle,172.9,73.7,24.7,15.5,40.8,48.7,4.6,11.6,3.8,94.9,4.93,148,82,226,No,Moderate,O
57,Male,Atlanta,180.1,102.9,31.7,25.6,58.9,64.3,6.5,15.4,5.5,78.7,4.37,154,89,209,No,Moderate,O
59,Male,LA,172.7,60,20.1,10.4,31.8,45,4.6,7.5,2.8,70,4.07,157,80,201,No,Moderate,B
52,Female,Seattle,160.9,52.6,20.3,10.5,32.6,34.4,2.5,7.1,3,79.1,4.38,129,83,205,No,Moderate,A
21,Female,Houston,165.6,57.5,21,14.1,35.8,44.4,3.8,9.5,3.4,70,4.07,130,84,190,No,High,O
29,Female,Dallas,160.6,85.4,33.1,20.1,55.7,63.3,4.7,14.2,4.5,91.4,4.81,139,83,192,No,Low,O
21,Female,Atlanta,152.3,55.2,23.8,11.7,41.5,45,3.5,9.6,2.6,70,4.07,150,84,197,No,Low,O
69,Male,Dallas,163.9,49.2,18.3,9.6,31.3,34.5,1,9.8,3.3,70,4.07,153,83,196,No,Low,AB
74,Male,Atlanta,177,62.3,19.9,11.7,34.8,43.1,2.8,10,2.9,86.9,4.66,155,81,201,No,Moderate,O
48,Female,SF,164.3,78.4,29,17.7,44.9,63.5,5.6,11.4,4.2,95.3,4.95,135,80,183,No,Moderate,B
24,Male,NY,179.2,99.9,31.1,20.8,60,71.2,6,18,4.7,70,4.07,135,79,198,No,High,O
27,Male,LA,179.7,58.1,18,10.2,39.6,42.8,2.2,8.4,3.6,70,4.07,135,66,173,No,Moderate,A
41,Female,SF,164.7,57.6,21.2,14.7,35.9,31.2,2.9,7.4,4.1,70.8,4.09,133,87,192,Yes,Low,B
32,Female,Dallas,166.1,86.2,31.3,21.3,48.1,56.8,6.1,18,4.3,91,4.8,127,73,223,Yes,High,A
56,Female,Atlanta,160.8,60.3,23.3,12.4,37.3,45,3.8,11.8,2.8,79.6,4.4,140,86,192,No,Low,O
37,Female,Seattle,162.3,72.5,27.5,17.7,44.5,46.8,4.3,8.9,3.9,79.4,4.39,138,78,197,No,High,A
75,Male,LA,173.5,75,24.9,16.5,40.1,45.9,4.6,13.2,4.8,80.7,4.44,159,79,216,No,High,B
24,Female,LA,154.1,72,30.3,15.9,43.8,54.7,4.2,10.2,3.9,71.8,4.13,127,77,220,No,Moderate,B
30,Female,Atlanta,154.2,67.4,28.3,14.8,30.3,44.4,3.8,8.7,2.3,80.8,4.44,136,77,190,Yes,Low,A
72,Male,Atlanta,175.7,80.6,26.1,17.8,47.5,66.9,4.6,15.2,4.7,98,5.04,148,84,211,Yes,Moderate,A
45,Female,Atlanta,156.9,44.3,18,9.9,35.6,25.7,2,7.8,2.2,70,4.07,137,69,190,No,Moderate,A
56,Male,NY,179.4,83.6,26,17.7,57.8,74.5,5.8,10.4,3.9,73.7,4.2,144,88,208,No,Moderate,A
35,Female,NY,161.8,71.3,27.3,14,45.3,51.8,4.1,10.2,2.7,81.9,4.48,153,74,187,No,High,AB
79,Female,LA,157.7,64.5,25.9,14.4,38,45.9,3.8,11.1,3.2,83.8,4.55,166,95,228,No,Moderate,AB
64,Male,LA,167.8,81.1,28.8,14,48.8,57.6,5.7,12.4,3.9,100.1,5.11,155,88,219,No,Moderate,A
28,Female,Seattle,162.6,82.8,31.3,20.2,50.3,47.3,4.5,9.1,3.5,89.2,4.74,129,85,191,No,Moderate,A
53,Female,Seattle,166.1,99,35.9,20.4,61.6,79.3,5.7,14.7,4.7,108.5,5.41,147,88,212,No,Moderate,AB
70,Male,Dallas,164.2,64,23.7,13.9,33,46.5,3.4,12.2,3.5,70,4.07,150,79,229,No,Moderate,O
53,Female,Atlanta,174.7,67,22,15.4,43.8,42.1,2.9,9.8,3,81.6,4.47,140,80,227,Yes,High,O
19,Female,Houston,176.5,83.2,26.7,19.4,55.3,48,4.8,13.6,3.7,81.7,4.47,129,76,169,No,Low,A
65,Male,Dallas,173.5,59.5,19.8,13.2,30.9,39.1,3.7,9.3,2.2,70,4.07,149,81,198,No,Moderate,AB
63,Male,LA,159.4,60.8,23.9,15.1,39,47,3.9,10.6,3,74.5,4.22,153,79,211,Yes,Low,B
34,Male,Dallas,176.7,104.2,33.4,22.7,64.5,64.1,5.5,19,5.6,74.6,4.23,145,90,219,No,Low,O
23,Female,Seattle,168.4,70.7,24.9,16.5,47.2,44.9,4,12.3,2.8,70,4.07,131,83,209,No,Low,B
58,Female,NY,162,51.1,19.5,10.6,33.7,26.8,3.2,6.7,2.3,76.4,4.29,143,85,201,No,High,AB
63,Female,Dallas,160.2,69.9,27.3,15.4,46,46.3,6,8.8,3.2,95.5,4.96,144,88,229,No,Low,O
40,Male,Houston,171.7,112.2,38.1,26.4,65.6,70.1,6.8,18.6,6.2,108.3,5.4,152,88,207,No,Moderate,B
64,Female,Atlanta,163.3,102.8,38.6,22.9,56.8,69.5,6.2,14.5,6,121,5.84,165,92,249,No,Low,A
33,Male,SF,174.4,54.8,18,11.5,30.6,42.5,3,3.4,3.2,70,4.07,130,85,181,No,Moderate,O
77,Male,Houston,177.4,81.1,25.8,19,47.3,60.5,5.4,13.2,4.2,77.5,4.33,155,78,214,No,Moderate,O
58,Female,Atlanta,158.8,52.5,20.8,14.4,29.9,35.4,3.6,9.3,2.4,70,4.07,152,78,193,No,High,O
43,Male,NY,177.7,90.2,28.5,16.3,53.1,63.3,6.1,16.4,4.2,76.4,4.29,136,82,207,No,High,A
63,Female,Atlanta,163.2,60.9,22.9,14,33.1,36.7,4,10.3,2.9,72.3,4.15,152,82,218,No,Low,B
67,Female,LA,163.4,73.8,27.6,14.3,44.1,54.5,5.4,11.5,3.9,87,4.66,167,87,231,No,Moderate,B
18,Female,SF,163,61.2,23,12.6,37.8,45.4,2.5,8.1,3.2,70,4.07,125,72,185,No,High,B
53,Female,Houston,174.1,87.9,29,18.7,53.5,60,4.7,15,3.5,102.2,5.19,155,83,207,No,Moderate,O
47,Male,Seattle,168.7,60.6,21.3,15.8,39.5,32.4,3.5,9,2.2,70,4.07,128,72,193,No,Low,A
19,Male,LA,182.9,86.9,26,17,41,57.6,6.3,13,3.6,75.3,4.25,132,70,216,Yes,Moderate,A
37,Female,LA,168.2,76.1,26.9,15.2,53.5,56.8,5.5,9.8,2.8,78.6,4.37,128,88,157,Yes,High,O
22,Male,Houston,173.6,92.9,30.8,22.8,51.4,61,3.6,17.6,4.8,91.3,4.81,151,86,206,Yes,Moderate,A
48,Female,SF,162.6,47.6,18,6.7,38.3,32.9,1.6,7.6,1.7,70,4.07,148,77,198,No,Low,B
25,Female,SF,164.6,78.3,28.9,20.5,47.6,50.4,4.8,19.6,4.5,70,4.07,138,77,169,No,High,A
47,Female,Seattle,172,79.3,26.8,15.8,47.3,46,5.3,11.5,3.5,81.5,4.47,152,85,194,No,Moderate,A
56,Female,NY,167.9,85,30.1,18.8,46,65.2,6.2,13.8,3.6,101.7,5.17,145,90,227,No,Moderate,O
78,Male,NY,170.7,77.7,26.7,18.7,41.2,60.3,4.4,14.7,4.9,93.8,4.9,164,88,232,Yes,Moderate,B
19,Male,Seattle,179.6,89.6,27.8,21.3,57.4,66.5,4.7,17.9,4.7,70,4.07,144,77,202,No,Low,B
70,Male,SF,170.6,79.5,27.3,20.8,51.2,44,5.4,14.7,3.9,89.1,4.73,176,93,229,No,Moderate,B
30,Male,Seattle,178.6,74.8,23.4,14.2,41.9,48.6,5.1,13.5,4.2,74.8,4.23,127,76,180,No,Moderate,O
21,Male,Houston,178.9,64.2,20.1,11.3,36.9,34.5,4.4,13.8,3.2,70,4.07,125,82,198,No,High,A
62,Female,Dallas,155.4,63.7,26.4,17.4,26.8,55.1,4.4,10.4,3.1,81.9,4.48,139,81,199,No,Low,B
69,Male,Dallas,178.7,78.1,24.4,16.5,49.2,50.7,4.7,11.1,3.9,91.4,4.81,147,88,187,Yes,Moderate,A
25,Female,Dallas,146.9,52.6,24.3,11.1,38.7,36.7,3.6,5.3,3.8,84.6,4.57,141,74,194,No,High,B
56,Female,LA,168.3,73.5,26,17.8,36.7,55.5,3.2,8.8,3.7,96.6,4.99,148,77,245,Yes,Low,O
42,Female,Houston,166.3,64.3,23.3,13.8,39.1,48.2,4.4,10.3,4,70,4.07,148,80,182,No,Low,A
24,Female,Dallas,139.8,44.5,22.8,11.3,16.5,25,3.3,8.3,2.6,71.9,4.13,123,72,192,No,Low,AB
31,Female,Houston,165,49,18,8.7,29.9,39.5,3.9,7.3,2.4,70,4.07,129,83,197,No,Low,B
46,Male,SF,166.8,77.7,28,15.5,51.2,56.9,2.9,9.5,4.1,96.1,4.98,151,84,211,No,Low,O
62,Female,LA,165,105.3,38.7,21.8,65.6,77.6,6.3,15.7,5.3,110.9,5.49,158,95,219,No,High,A
38,Male,NY,179.9,106.1,32.8,23.4,64.1,76.9,7.5,16.1,5.7,88.9,4.72,143,87,228,No,Moderate,B
54,Male,SF,179.6,86.1,26.7,16.2,49,57.1,5.2,11.7,4.8,77.7,4.34,157,79,186,No,Moderate,A
73,Female,SF,158.1,58.5,23.4,12.3,33.3,44.9,3.5,5,2.7,70,4.07,157,89,213,No,High,B
66,Male,Atlanta,181.8,71,21.5,14.6,46.9,49.6,5.6,10.9,3.2,89.1,4.73,163,85,229,No,Moderate,A
50,Male,Dallas,172.2,68,22.9,13.4,40.7,51.7,3.5,12.7,4.4,93.7,4.89,141,90,167,No,Moderate,AB
75,Female,Houston,157.6,70.6,28.4,16,50.5,45,4.2,8.1,3.4,117.9,5.74,150,85,219,Yes,Moderate,O
58,Female,LA,171.7,87.3,29.6,18.2,37.5,62.9,5.1,16.8,4.2,95.3,4.95,161,88,218,No,Moderate,B
42,Male,Houston,176.9,92.6,29.6,20.1,59,64.2,6,18.3,5,107.3,5.36,138,78,219,Yes,Moderate,A
70,Male,Houston,169.1,63.3,22.1,12.6,37.5,52.3,4.8,13.7,3.1,103.2,5.22,151,77,215,No,Moderate,B
76,Male,Dallas,183,75.1,22.4,16.6,35.7,52.3,4.9,10.2,3.6,81.3,4.46,155,89,213,No,Low,AB
76,Female,Atlanta,163.1,63.1,23.7,14.9,36.8,33.5,2.4,10.5,2.4,101.8,5.18,164,78,194,No,High,AB
63,Female,LA,162.2,57.5,21.8,11.8,33.2,47.8,4.6,4.9,3.2,89.9,4.76,154,80,188,Yes,Moderate,O
31,Male,Atlanta,157,55.6,22.6,11.1,29.5,39.8,3,8.4,3,85.8,4.62,146,71,213,No,Low,B
26,Male,SF,178.6,121.1,37.9,24.6,76.4,80,6.5,17.9,5.7,113.8,5.59,160,80,242,No,Moderate,B
32,Female,NY,163.7,50.4,18.8,13.8,26.8,27.8,3,6.7,3.9,70,4.07,133,84,197,No,Low,O
24,Female,SF,159.7,57.9,22.7,12.5,33,33.6,5.4,13.4,2.9,70,4.07,133,73,203,No,Moderate,B
19,Female,SF,164,74.2,27.6,15.3,52.8,52.8,2.9,15.5,4.1,76.9,4.31,129,79,211,No,Low,O
48,Female,Atlanta,161.5,73.3,28.1,17.3,43.8,57.9,3.4,13.2,3.1,86.8,4.65,142,82,231,No,Moderate,O
24,Male,SF,171.8,73.6,24.9,17.5,43.8,55.3,4.7,10.7,4.1,78.7,4.37,137,70,175,Yes,Moderate,B
58,Female,LA,166.2,93.6,33.9,20,65.5,65,5.2,15.6,4.3,107.6,5.37,170,79,223,Yes,Moderate,A
73,Male,SF,170.9,74.5,25.5,18.5,47.2,49.2,2.8,15,3.7,89.8,4.76,153,83,180,No,Low,AB
28,Female,Atlanta,163.9,63.3,23.5,12.1,41.1,47.9,4.6,10.9,3.4,77.5,4.33,130,75,189,No,Moderate,O
30,Female,LA,169.3,96.9,33.8,20.4,57.7,65.7,6.1,15.5,4.3,92,4.83,130,81,210,No,Low,A
30,Male,Atlanta,187.4,119.9,34.1,26.7,68.7,74,7.7,22.5,6.1,92.9,4.86,141,78,208,Yes,High,O
43,Female,Atlanta,165.9,82,29.8,18.6,42.5,56.3,5.1,10.7,4.3,101.7,5.17,134,89,207,No,Moderate,A
60,Female,Atlanta,162.6,61.8,23.4,15.4,43.8,38,4.1,10.5,4,78.1,4.35,146,86,216,No,Low,O
77,Female,LA,160,87.4,34.2,18.9,60.5,63.6,6.7,12.9,5.3,108.9,5.42,157,92,222,No,Moderate,B
67,Female,NY,165.3,64.7,23.7,12.8,37.1,40.4,4.7,10.5,3.3,98.1,5.05,158,85,237,No,Moderate,AB
25,Male,Houston,184.4,80.8,23.8,17.7,52.7,44.4,3,13,3.5,85.9,4.62,135,75,219,No,Moderate,O
31,Male,LA,180.8,91.6,28,18.3,52,63.9,5.3,13.5,4.7,72.7,4.16,141,81,239,No,Moderate,A
62,Female,NY,152.8,68.6,29.4,15.4,41.3,57.3,2.9,13.4,4.1,98.8,5.07,153,87,199,No,Moderate,O
77,Female,Houston,158.7,59.5,23.6,11.9,25.1,34.1,3.6,13.4,2.6,82.2,4.49,158,91,190,No,Low,B
19,Male,LA,178.3,83.8,26.4,19.7,46.2,49.6,3.9,13.8,4.2,70,4.07,121,82,180,No,Low,A
73,Male,Seattle,184.5,89,26.1,17.1,42.8,58.9,4.6,17.9,4,84.2,4.56,154,80,230,No,Moderate,O
59,Male,Dallas,172.7,71.1,23.8,11.9,35.4,51.3,3.7,8.6,3.1,83,4.52,152,86,201,No,Low,O
32,Male,Houston,179.7,76.9,23.8,16.4,54.3,56.2,3.8,9.8,3.5,76.9,4.31,141,78,200,Yes,Low,O
74,Male,Houston,169,58.5,20.5,15.3,30,35.7,2.9,7.4,2.3,79.1,4.38,150,82,194,No,Moderate,B
41,Female,SF,156.1,64.8,26.6,14.6,37.6,58,5.6,12.8,2.9,89.2,4.73,146,78,244,No,High,B
51,Male,Houston,192.5,126,34,28.7,76,85,7.6,20.3,6.2,97.9,5.04,162,88,236,No,Low,A
21,Male,Atlanta,189.2,109.3,30.5,24.2,72.5,78.9,7.2,20.4,6.5,70,4.07,128,72,211,No,Moderate,O
35,Female,Seattle,156.2,70.6,29,14.3,37.6,48.9,5.4,12.4,3,76.1,4.28,148,73,191,Yes,Low,O
42,Female,NY,165.2,77.2,28.3,17.5,40.9,51.7,5.4,9.2,3,79,4.38,144,80,238,Yes,Moderate,B
64,Female,SF,162.6,94.3,35.7,20.8,56,67.3,4.9,16.6,4.1,100.3,5.12,161,93,220,No,Moderate,A
41,Female,NY,157.7,77.3,31,16.6,44.5,53,4.8,11.8,3.4,100,5.11,149,82,205,No,High,A
23,Male,Dallas,186.2,102.9,29.7,19.5,66.1,71.6,6.1,20.2,5.6,92.7,4.86,122,87,223,No,High,A
51,Male,LA,173.6,55.7,18.5,12,26.9,31.7,3.2,6.9,2.9,70,4.07,136,81,177,No,High,O
68,Female,Houston,162.8,61.9,23.4,13,31.7,49.8,5.3,6.7,3.7,80.9,4.45,164,93,188,No,High,O
55,Male,NY,182.1,107.8,32.5,24.8,56.2,87.8,6.5,12.2,5.2,93.2,4.88,144,90,216,No,Moderate,O
20,Male,Atlanta,170.1,94.3,32.6,19.4,60.2,59.1,6.4,12.2,5.7,73.5,4.19,128,81,204,No,Moderate,A
36,Female,SF,170,67.1,23.2,15.8,43.7,68.5,4.2,10.3,3,73.3,4.18,133,78,192,Yes,Moderate,O
64,Female,Atlanta,162.7,65.5,24.7,13.2,47.6,43.3,4.9,10.3,2.3,80,4.41,147,78,218,Yes,Moderate,AB
63,Female,NY,169.5,72.9,25.4,14.2,38.9,52.7,3.8,13.4,2.9,99.9,5.11,169,79,208,Yes,Moderate,O
75,Female,NY,165.7,79,28.8,16.3,43,57.2,5.7,12.9,4,92.3,4.84,161,95,210,No,High,A
53,Male,Dallas,171.9,100.5,34,18.6,55.1,68.3,5.6,16.6,4.4,100.9,5.14,157,88,189,Yes,High,O
36,Female,NY,165.4,49.2,18,13.2,31.3,31.4,3.3,7.9,1.4,70,4.07,134,69,206,No,High,O
45,Male,LA,184.5,61.3,18,15.4,29.4,46.9,3.8,14.2,2.8,70,4.07,148,80,213,No,High,A
64,Female,Dallas,159.4,69.1,27.2,13.5,27.5,37.2,3.5,11,2.9,90,4.76,160,81,203,No,Moderate,O
72,Female,Dallas,167.5,70.7,25.2,16.4,44.3,47.1,5.2,11.6,3.3,75.4,4.25,161,87,219,No,High,O
73,Male,SF,174.7,79.4,26,19.5,49.5,57.2,2.9,11,4.7,87.6,4.68,163,85,225,No,High,AB
27,Female,LA,159,87.8,34.7,19.5,44.8,68.3,3.8,15.4,4.8,93.9,4.9,147,79,167,No,Low,O
35,Male,SF,175.7,83.1,26.9,21.8,50.3,55.9,6.2,14.1,4.6,70,4.07,146,79,220,Yes,Moderate,B
21,Female,Houston,169,73.4,25.7,15.3,41.1,52.4,4.1,8.4,4.1,79.8,4.41,132,77,179,No,High,A
29,Male,Atlanta,168.7,60.4,21.2,11.4,28.2,40.6,4.3,9.5,4.2,70,4.07,133,77,182,Yes,Low,A
44,Male,Seattle,165.8,82,29.8,19.5,54.1,62.3,4.6,8.8,4.5,111.5,5.51,156,92,193,No,Moderate,AB
46,Male,LA,173.2,90.1,30,20.4,54.4,55.9,4.8,13,5.4,88.5,4.71,158,87,210,No,High,O
74,Male,Dallas,160,68.5,26.7,16,45.7,57.3,4.4,8.7,3.8,98.8,5.07,167,95,233,No,Low,A
29,Male,Atlanta,165.6,80.2,29.2,14.5,53.2,49.4,4,11.8,3.7,70,4.07,135,76,195,Yes,Moderate,O
28,Male,LA,187.6,63.3,18,12.2,46,46,3.9,9.3,2.5,70,4.07,138,75,171,No,Low,AB
21,Male,Atlanta,156.6,85.9,35,18.9,50.5,54.6,4.9,12,3.4,80.6,4.44,149,76,231,No,Moderate,B
63,Female,Seattle,163.8,72.9,27.2,13.3,50,50.8,4.1,12,2.7,81.1,4.45,159,85,215,No,Moderate,O
76,Male,Dallas,171.3,81.8,27.9,17.4,56,48.9,6.9,13.5,4.1,91,4.8,158,100,226,No,Low,A
76,Male,Seattle,185.9,77.3,22.4,16,50.8,63.8,5.5,12.6,3.2,95.9,4.97,171,91,233,No,Moderate,O
77,Male,SF,164.5,69.8,25.8,15.4,38.9,56,5,9.5,3.1,91.3,4.81,162,89,225,No,Moderate,AB
41,Female,SF,155.3,75.7,31.4,17.8,38.3,40.9,5.8,15,3.1,105.1,5.29,152,83,194,No,High,A
43,Male,Atlanta,172.1,111.2,37.5,22.7,66.3,88.2,6.5,16,6.2,109.2,5.43,161,84,237,No,Low,O
45,Male,NY,174.7,73.2,24,17.7,46.4,48.5,4.2,13.4,4,70.7,4.09,152,78,176,No,High,O
75,Female,Atlanta,160.2,55.8,21.7,11.1,35.6,36.8,3.3,8,1.7,80.4,4.43,154,91,198,No,Low,B
64,Male,Atlanta,167.4,87.8,31.3,21.8,59.9,69.1,5.7,15.5,4.3,99.2,5.08,160,88,221,No,High,O
77,Male,NY,180.9,69.2,21.1,15.9,51.6,43.5,3.9,10.7,3.3,70.4,4.08,153,83,235,Yes,Moderate,O
21,Male,Houston,179.1,71.7,22.3,16.1,42.5,49.7,3.9,7.7,3.1,70,4.07,129,68,206,No,High,B
53,Female,Seattle,162.8,75.9,28.6,18.4,51.7,53.5,3.8,11.2,4.7,96.1,4.98,146,85,178,No,High,O
32,Female,Seattle,163.6,81.4,30.4,17.4,47.7,57.2,4.8,13.9,4.6,75.9,4.27,144,75,222,No,Low,A
39,Male,Atlanta,180,77.6,23.9,18.4,46.4,57.6,4.3,11.2,4.5,96.5,4.99,145,84,208,No,Moderate,AB
77,Female,Houston,157.3,62.9,25.4,12.9,47.5,40.5,2.7,14.5,2.7,89.1,4.73,155,80,210,No,Moderate,O
72,Male,Dallas,176,75.4,24.4,19,51.3,59.5,4.3,10.5,4.2,97.3,5.02,160,92,198,No,Low,A
66,Male,SF,180,80.4,24.8,16.8,50.8,46.3,5.4,13.6,3.8,98.1,5.05,157,85,210,No,Moderate,A
74,Female,NY,165,57.7,21.2,11.4,28.4,45.5,2.3,8.8,2.4,71.7,4.13,153,91,223,No,High,B
41,Male,NY,171.2,88.6,30.2,20.6,57,58.9,5.3,9.7,4.8,101.6,5.17,131,86,219,No,High,O
41,Female,SF,156.5,85.1,34.8,17.7,48,62.8,5,14.7,4.3,101.6,5.17,144,82,209,Yes,Low,B
54,Male,Seattle,172.5,95.9,32.2,22.6,60.5,68.3,5.2,15.4,4.5,90.3,4.77,143,91,231,No,High,AB
22,Female,Atlanta,166.2,75.3,27.3,16.9,38.8,53.6,4.5,11.3,3.5,82.9,4.52,128,88,161,No,Low,O
23,Male,NY,168.2,92.1,32.6,20.2,58,68.4,5.4,16.4,5.5,86.5,4.64,148,88,210,No,Moderate,B
66,Male,Seattle,182,82.7,25,16.7,56.7,59,4.9,15.3,3.9,93.9,4.9,140,87,198,No,High,O
74,Female,Houston,149.4,59,26.4,13,28.6,46.8,3.1,5,2.8,88.8,4.72,150,93,199,No,Low,AB
78,Male,Atlanta,177.4,86.3,27.4,18.4,49.7,52.4,6.3,13.9,4.3,97.6,5.03,162,89,208,No,High,B
27,Female,Atlanta,166.2,80.1,29,15.6,49.9,44.3,4.1,10.6,2.9,106.5,5.34,132,83,186,No,Low,B
20,Male,NY,162.8,92.3,34.8,22.8,54,55.1,5.5,11.4,4.7,99.6,5.1,145,85,199,No,Moderate,O
55,Female,Dallas,163.5,48.9,18.3,11.8,26.3,32.8,3.7,7.4,2.2,78.7,4.37,130,88,217,No,Low,AB
51,Male,Houston,182.2,81.3,24.5,18,46.9,53.4,4.8,11.3,4,70,4.07,146,78,234,No,Low,B
23,Female,Seattle,173.7,79.4,26.3,16.9,41.4,56.7,4.9,13.2,4.8,70,4.07,133,68,170,Yes,Moderate,A
78,Male,Atlanta,158.5,62.6,24.9,14.3,41,35.7,4.1,12.1,2.6,99.1,5.08,156,89,213,No,Low,AB
27,Male,Seattle,188.9,102.7,28.8,20.4,63.1,75.4,5.9,16.2,4.6,75,4.24,121,84,202,No,Moderate,B
33,Female,Dallas,163.9,63.1,23.5,12.3,46.2,36.2,3.2,9,3.5,76.6,4.3,144,76,227,No,Low,A
77,Female,Dallas,165.6,76.1,27.8,14.9,50.1,43.8,4.7,12,3.4,83.8,4.55,158,87,230,No,Moderate,A
46,Male,Houston,173.4,62.4,20.8,13.3,34,39.5,3.9,12.1,3.4,70,4.07,141,78,204,No,Moderate,O
20,Male,Seattle,191.9,112.9,30.7,23.9,59.4,79.3,7,15,5.9,81,4.45,148,74,208,No,Moderate,O
28,Female,Atlanta,160.9,73.8,28.5,16.2,42,54.6,4.6,11.6,3.7,70,4.07,151,81,202,No,Low,O
54,Male,LA,172.3,83.6,28.2,17.2,36.3,63.1,5,14.2,3.7,82.5,4.5,142,94,227,No,Low,AB
21,Male,NY,162.6,79,29.9,15,46.3,46.5,5.9,14,2.9,75.5,4.26,133,82,194,No,Low,AB
66,Female,Seattle,155.3,43.4,18,10.1,25.4,28.6,3.1,4.6,2.7,75.7,4.26,140,78,211,Yes,Low,O
21,Male,Atlanta,156.4,61.9,25.3,13.9,35,45.3,3,10,3,70,4.07,134,74,218,No,Moderate,B
41,Male,SF,176.9,104.6,33.4,22.6,59.3,73.7,6.4,15.6,4.3,84.4,4.57,153,79,174,No,Moderate,O
45,Male,SF,181.6,107.6,32.7,25,61.3,68,5.1,14.5,5.3,96.8,5,147,94,208,No,Moderate,B
73,Female,Houston,153.5,79.3,33.7,17.6,51,56.1,5.4,14.1,3.6,93.8,4.9,157,93,230,Yes,Moderate,B
52,Female,SF,159.8,74.2,29.1,18.6,50.8,51.9,4.3,12.6,3.2,90.8,4.79,150,88,214,Yes,Moderate,B
55,Female,Seattle,156.6,53.5,21.8,9.2,27.5,38,2.7,9.3,2.6,87.7,4.68,139,85,214,No,Low,O
67,Male,Seattle,182.6,70.4,21.1,16.8,39.5,43.1,4.5,7,2.9,84,4.56,155,90,203,No,Low,A
41,Female,Dallas,165.2,75.4,27.6,14.9,43.7,57.5,4.3,9.2,3.9,82.6,4.5,137,88,187,No,Moderate,O
39,Female,Houston,172.1,77.8,26.3,15.5,49.9,56.8,2.9,12.6,3.8,70,4.07,144,78,220,No,Low,O
43,Male,NY,176.8,61.5,19.7,14.1,34.4,41.1,2.4,8.8,3,78.7,4.37,134,76,189,No,Moderate,B
35,Female,NY,157.4,86.8,35,18.9,44.7,52.1,5.1,14.3,4.1,100,5.11,140,86,203,No,Low,O
76,Female,NY,165.2,84.4,30.9,18.3,45.5,59.3,4.9,14.4,4.5,105.6,5.31,159,92,249,Yes,Moderate,B
20,Male,Seattle,179.3,81.6,25.4,17.3,43.6,54,5.1,13.8,3.6,77.9,4.34,128,83,186,No,Moderate,B
63,Male,SF,180.6,77.7,23.8,15.5,43.9,45.5,4.8,13.5,3.9,89.7,4.75,161,78,207,Yes,Moderate,O
28,Male,Houston,168,74,26.2,16.2,41.3,63,3.8,13,3.3,70,4.07,139,86,189,No,Moderate,A
26,Female,LA,161.8,76.7,29.3,15.8,52.9,51.4,5.6,8.6,3.3,87.3,4.67,143,86,215,No,Low,B
71,Female,Dallas,165.7,86.7,31.6,17.4,53.6,59.2,4.9,8.5,4.7,101.1,5.15,161,94,228,Yes,Moderate,A
50,Female,Seattle,161.2,73.8,28.4,18.3,42.5,55.5,4.2,8.6,4.5,78.9,4.38,158,80,227,No,Moderate,B
43,Female,Dallas,161.3,84.2,32.4,20.1,59.2,59.4,5.6,13.9,4.8,83.2,4.53,143,91,185,Yes,Low,O
53,Female,Dallas,152,86.5,37.4,20,53.3,68.9,6.5,11.6,4.4,131.2,6.2,157,89,213,No,Moderate,O
21,Female,Seattle,166,65.3,23.7,14,33.2,42,6.7,11.8,3.4,81.8,4.48,137,80,185,Yes,Moderate,B
69,Male,Dallas,178.3,94,29.6,21.4,51,61.5,5.5,14.6,5.3,102.3,5.19,154,91,242,No,Moderate,O
19,Male,Houston,175.6,91.4,29.6,20.8,57.1,57,6.9,13.5,4.1,96.4,4.99,148,74,183,No,Moderate,O
25,Male,SF,173.3,88.4,29.4,20.3,48.5,61.2,5.8,11,4.3,76.1,4.28,139,75,189,No,Low,B
24,Male,LA,172.9,73.4,24.5,14.1,49,57.9,4,11.7,3.5,70,4.07,127,78,208,No,Low,A
53,Female,SF,158.6,52.7,21,12.6,30.7,28.8,3.6,5.5,3.1,71.4,4.12,152,80,186,Yes,High,B
51,Male,Dallas,185.1,71.7,20.9,16.6,40.9,49.4,5,15.6,4.1,77.3,4.32,154,77,197,No,High,O
57,Male,Dallas,184.8,86.5,25.3,21.8,43.2,65.9,5.8,15.3,4.6,80.9,4.44,152,82,199,No,Low,AB
36,Male,LA,170.6,65.9,22.7,13.3,44.2,36.8,3.9,9,3.4,71.4,4.11,146,78,190,Yes,Low,A
46,Female,SF,168,68,24.1,13.8,46.1,48.3,3.6,9.1,3.8,70.9,4.1,147,84,208,Yes,Moderate,A
56,Male,NY,173.3,79.5,26.5,14.4,42.8,56.4,3.9,15.7,4.1,70,4.07,143,83,182,No,Moderate,A
23,Female,Dallas,154,82.2,34.7,17.5,48.8,60.2,3.7,15.6,4.5,121.9,5.87,137,79,202,No,Low,O
27,Male,NY,177.4,96.1,30.6,22.1,57.1,59.7,6.5,15.9,5.3,80.3,4.43,158,75,231,No,High,O
58,Male,LA,175.1,89.4,29.2,19.3,58.7,63.4,6.1,12.7,4.8,115.6,5.66,152,81,202,Yes,Moderate,O
59,Male,Seattle,179.7,96.2,29.8,20.9,62.2,67.3,5.6,15.9,5,70,4.07,153,86,189,No,Moderate,O
22,Female,NY,161.4,71.2,27.3,15.9,39.1,50.4,3.9,13.6,3.4,85.3,4.6,140,82,182,No,Low,A
76,Male,Houston,160.9,88.1,34,21.5,53.3,57.7,6,16.4,4.8,102.5,5.2,157,94,242,Yes,Moderate,AB
41,Female,Dallas,154.2,53.3,22.4,11,29.7,43.7,1.2,10.1,3.8,70,4.07,116,73,184,Yes,High,B
58,Male,Houston,176.9,123.4,39.4,29.4,61.3,81.9,8.5,22,6.2,86.8,4.65,155,96,244,No,Moderate,O
39,Male,SF,152.8,57.6,24.7,11.6,36.8,37.4,2.9,10.6,2.4,77.8,4.34,136,73,210,No,Moderate,O
43,Male,NY,177.6,99.9,31.6,23.8,65.7,70.1,7.3,17.7,5.4,111.4,5.51,155,80,219,No,Moderate,AB
68,Male,Seattle,166,95,34.5,19.5,55.7,64.1,5.4,15.6,4.4,79.8,4.41,150,89,197,No,High,O
54,Male,SF,176.5,93.6,30,20.8,57,70.1,4.8,15.9,4.5,83.2,4.53,169,92,208,No,Moderate,O
62,Female,Houston,154.4,85.7,36,17.9,43.9,61.1,5.7,15.2,4.9,106.6,5.34,158,86,247,No,Moderate,B
46,Female,SF,157.2,44.6,18.1,11,25.6,24.1,1.3,2.2,1.4,70,4.07,145,80,161,No,Moderate,B
53,Male,LA,180.2,81.4,25.1,16.9,39,53.4,5.2,11,4.5,82.5,4.5,165,82,204,No,Moderate,A
37,Female,SF,155.9,49.9,20.5,10,31.6,40.6,2.1,7.9,1.4,75.6,4.26,143,75,164,No,Low,O
35,Female,SF,170.6,99,34,20.4,46.9,62.3,7,14.6,4.4,87.1,4.66,140,85,234,No,Moderate,B
57,Female,Seattle,163.4,80.2,30,17.4,45.2,61.9,5.5,16.9,4.1,90.6,4.78,163,82,196,No,Moderate,A
62,Male,NY,176,96.5,31.2,21.4,59.2,63.5,6.1,20.2,5.2,94.5,4.92,156,87,219,No,Moderate,AB
79,Female,Houston,167.6,79.2,28.2,18,51.6,49.1,5,14.1,4.8,109.3,5.44,172,92,232,Yes,Moderate,O
58,Female,Dallas,169.5,51.7,18,10.4,30.9,30.2,1.9,10.2,2.5,70,4.07,138,85,194,No,Moderate,B
71,Female,SF,178,93,29.4,18.4,57,65.2,6.5,13.7,3.4,104.7,5.27,158,90,207,No,High,B
73,Male,NY,175.7,79.8,25.9,19.3,38,51.9,3.1,13.7,4,78.9,4.38,161,84,227,No,Moderate,B
73,Female,Houston,166.9,84.3,30.3,18.7,47.6,54.9,5.1,12.8,4.1,97.3,5.02,155,89,240,No,Low,O
32,Female,Seattle,153.5,89.1,37.8,19.9,57.3,63.5,5.7,14.4,3.6,95.8,4.97,140,82,225,Yes,High,A
32,Female,SF,153.3,67.5,28.7,12.5,35.7,44.2,4.1,8.3,3.9,98,5.04,130,76,194,No,Low,O
41,Male,Atlanta,171,84.9,29,19.1,51.1,60.8,5.6,11.3,4.6,82.4,4.5,152,87,226,No,High,AB
46,Male,Dallas,176.8,80.9,25.9,18.8,58.4,53.4,4.3,14.9,4.6,79.6,4.4,143,79,209,No,High,O
71,Male,NY,170.8,72.4,24.8,16.3,43.8,38,5,11.8,3.7,70,4.07,158,90,224,No,Moderate,AB
34,Female,Atlanta,151.4,45.2,19.7,8.5,23.2,31.8,2.4,7.2,3,70,4.07,147,77,177,Yes,Low,AB
66,Male,Dallas,161.4,74.6,28.6,15.1,42.1,54.2,6,11,3.5,80.3,4.42,169,90,219,No,Moderate,AB
64,Male,Atlanta,181.1,96.9,29.5,20.9,59,75.8,6.1,16.3,5.6,97.8,5.03,159,84,213,No,Moderate,B
42,Female,SF,167.6,83.6,29.7,18.3,55.1,57,6.1,11.6,4.5,91.3,4.81,142,84,196,No,High,O
33,Male,LA,170.2,86.3,29.8,17.1,51.1,52.3,4.3,13.3,4.1,99.1,5.08,133,83,187,No,High,A
67,Male,Atlanta,175.4,79.6,25.9,19,57.3,47.8,3.6,10.1,3.6,92.4,4.85,154,84,241,Yes,Moderate,O
34,Male,NY,172.3,62.6,21.1,13.3,38.1,39.2,4.8,10.2,2.9,70,4.07,134,69,202,No,High,AB
64,Female,Dallas,169.4,91,31.7,21.4,60.3,71.7,5.1,18.2,3.9,104.8,5.28,151,87,207,No,Moderate,A
64,Female,Dallas,158.1,55.8,22.3,12,36.7,41.6,4.1,10.1,2.8,76.1,4.28,146,74,241,No,Moderate,O
38,Female,SF,165.2,99,36.3,21.7,67.5,60.9,7.1,17.1,4.5,89.6,4.75,143,80,208,No,High,O
61,Male,Dallas,182,85.1,25.7,19.1,52,61.2,6,13,4.1,71.9,4.13,132,78,193,No,Moderate,A
65,Female,Atlanta,153.2,59.1,25.2,15,32.6,38.8,3.5,10.1,3.2,74.9,4.24,162,80,222,No,Low,O
44,Male,LA,172.4,93.2,31.4,21.8,53.7,63.6,6.5,14.6,4.5,78.9,4.38,153,79,194,No,High,AB
71,Female,Dallas,157.2,78.9,32,16.8,39.9,65.8,5.2,13.8,3.9,97.8,5.03,138,91,209,No,Moderate,B
22,Female,SF,153.6,63.5,26.9,11.8,34.6,40.9,4.5,11.2,3.8,70,4.07,133,93,212,No,High,B
39,Male,SF,170.7,77.6,26.6,17.5,44.2,51.6,5.2,11,4.3,70,4.07,157,79,202,No,Moderate,A
50,Female,Dallas,176.2,55.9,18,13.4,29.1,22.9,1.3,10.1,3.1,70,4.07,158,79,220,Yes,Moderate,O
57,Female,SF,153.3,51.4,21.9,13,25.9,34.5,3.9,7.1,2.9,75,4.24,144,86,205,No,Moderate,A
19,Female,Houston,160.4,47.9,18.6,9.9,35,35.9,2,3.6,2.1,70.8,4.1,133,80,187,No,High,A
52,Male,Atlanta,181.5,111.8,33.9,24.4,76.5,75.2,7.8,18.2,6.4,105.1,5.29,153,94,210,No,Low,B
60,Female,SF,167.9,66.8,23.7,15.2,40.1,49.7,2.4,9.6,3.5,75,4.24,143,85,200,No,Low,AB
36,Male,Houston,177.8,86.3,27.3,17.4,46.6,57.8,4.7,15.8,4.2,70,4.07,142,79,195,Yes,Moderate,B
57,Female,SF,153.8,76,32.1,16.2,42,62.8,4.2,8.1,3.6,94.6,4.92,153,94,189,No,Moderate,A
44,Female,Houston,159.7,65.1,25.5,15,42.9,41.8,3.5,6.7,2.5,79.3,4.39,151,78,196,No,Moderate,O
57,Female,SF,167.6,101.1,36,24.3,60,71.4,6.2,18.3,5.2,109.1,5.43,156,86,231,No,Low,O
53,Female,LA,157.2,69.3,28.1,13.5,33.4,49.7,3.7,5.4,3.4,99.7,5.1,155,80,215,No,High,O
76,Male,Seattle,181.5,108.5,32.9,22.3,60.2,80.1,6.7,16.7,6.2,86.2,4.63,157,84,216,No,Moderate,B
56,Male,Seattle,180.1,122.9,37.9,27.6,81.5,91.5,7.3,17,5.5,118.3,5.75,149,95,232,Yes,Moderate,A
19,Female,NY,164.6,82.8,30.6,18.5,53.6,59.6,4.2,10,3.4,85.2,4.6,128,83,161,No,Moderate,B
58,Male,SF,175,100.9,32.9,22,67.5,68.6,6,14.5,4.8,103.6,5.24,159,89,224,No,Moderate,O
70,Male,NY,187.3,104,29.6,21.2,64.2,72.7,6.9,17.1,5.5,99.6,5.1,158,86,230,No,Moderate,B
35,Female,LA,158.7,74.2,29.5,13.1,46.4,59.7,4.6,15.9,2.9,79.1,4.38,135,82,216,No,Moderate,O
63,Male,Houston,177.3,104.1,33.1,25.6,60.9,74.5,6.7,15.8,5.1,91.6,4.82,154,85,204,No,Moderate,AB
40,Female,Dallas,173.3,99.3,33.1,20.9,53.7,77.4,5.9,15,5.3,92.6,4.86,142,86,210,No,High,O
71,Male,SF,180.9,87,26.6,20.5,56.1,69.4,4.3,11.5,3.8,115.6,5.66,166,81,217,Yes,High,O
43,Male,LA,177.3,70.1,22.3,16.8,37.2,59.8,4.7,9.6,3,70,4.07,133,73,179,No,Low,AB
28,Female,NY,157.4,63,25.4,13.8,35.8,43.8,4.6,11.4,3.1,72.3,4.15,136,79,218,Yes,Moderate,O
65,Male,SF,162.4,84,31.9,20.8,39.2,64.8,4.5,12,3.3,94.3,4.91,156,86,228,No,Low,B
18,Male,Atlanta,163.1,56.2,21.1,11.6,34.3,37.1,3.5,12.8,3,70,4.07,126,71,174,No,Moderate,B
53,Male,Atlanta,171.3,74.7,25.4,20.9,41.6,64.1,3.4,11.2,4.4,81.5,4.47,145,81,219,Yes,Moderate,O
67,Female,Seattle,162.1,67.2,25.6,15.9,46.4,34.5,2.7,12.6,3,89.6,4.75,155,96,220,No,Moderate,A
37,Female,LA,153.4,53.6,22.8,13,39.5,36,4.6,8.2,3.4,70,4.07,141,84,178,Yes,Low,O
48,Male,SF,182.2,77.6,23.4,16.9,48.9,56.3,3.7,13,3.4,72.8,4.16,141,89,192,No,Low,B
25,Female,Dallas,172.2,83.1,28,18.2,56,58.3,5.3,15.2,4.3,72.5,4.15,133,77,205,Yes,Low,AB
57,Male,Dallas,181.1,98.2,29.9,22.4,55.4,63.1,5.7,19.5,4,100.1,5.12,158,93,182,No,High,O
41,Female,LA,170.3,63.2,21.8,14.8,41.2,58.5,4.3,5.1,2.7,70,4.07,133,76,213,No,Moderate,A
71,Male,SF,183.3,102.3,30.5,22.2,62.7,72.1,7.4,13.4,5.1,100.2,5.12,150,89,227,No,Low,O
37,Male,NY,175.5,87.3,28.3,18.4,51.1,58.9,5.9,17.3,5.3,78.9,4.38,149,90,201,No,Low,O
72,Female,Atlanta,174.4,89.1,29.3,21.6,49.6,50.2,4.2,13.9,4.8,86.3,4.63,154,83,216,No,Low,A
32,Male,Atlanta,163.3,61,22.9,14.8,33.5,54.6,3.9,8.3,3.9,81,4.45,130,72,191,Yes,Low,B
47,Male,Atlanta,186,97.2,28.1,21.9,56.9,67.6,4.6,16,4.9,79.8,4.41,145,90,200,No,High,A
37,Male,SF,169.5,88,30.6,18.2,58.9,54.6,5.6,17.7,3,84.8,4.58,126,92,225,No,High,A
55,Female,Seattle,156.2,52.3,21.5,11.6,29.4,36.2,3.8,5.7,2,93.1,4.87,147,74,209,No,Low,A
19,Female,LA,162.2,75,28.5,17.3,46,55.3,5.1,15.2,3.2,89.2,4.73,136,81,215,No,Low,O
23,Male,NY,183,96.5,28.8,24.3,59.1,67.2,4.8,18.6,4.9,82.7,4.51,133,76,182,Yes,Low,A
59,Male,Atlanta,169.9,57.3,19.9,12.5,38.9,41.5,1.6,11,2.9,71.5,4.12,148,77,198,Yes,Low,AB
35,Female,Atlanta,171.3,105.5,36,22.9,65.5,69.9,6.2,16.2,4.6,90,4.76,134,82,188,No,Low,A
53,Male,LA,175.1,68.6,22.4,17.6,41.6,51.2,4.9,9.1,3.1,91.2,4.81,136,80,188,No,Moderate,A
31,Male,Dallas,169.7,98.7,34.3,19.3,58.2,79.7,5.5,18.1,3.8,95.5,4.96,128,69,190,No,Low,A
43,Female,LA,166.4,71.8,25.9,14,51.5,49.1,4.1,9.5,3.9,77.5,4.33,138,83,174,Yes,Moderate,O
51,Male,NY,173.3,102.1,34,24.9,61.9,70,6.1,16.7,4.5,85.5,4.61,145,90,221,No,Moderate,A
71,Male,Dallas,167.5,98.9,35.2,20.9,58,62.5,6.5,13.7,4.7,101.4,5.16,174,97,260,No,Low,A
47,Female,Houston,169.3,90.5,31.6,19.4,49.1,64.1,5.9,13.5,3.8,97.3,5.02,157,90,234,No,Low,B
24,Male,SF,173.3,68.4,22.8,16.1,38.2,51.6,4.1,7.1,4.1,70,4.07,131,75,180,No,Low,O
76,Male,Dallas,176.1,90.4,29.2,18.1,53.3,67.6,5.2,15.8,5,95.3,4.95,168,79,235,No,Moderate,A
47,Male,SF,175.1,79.8,26,17.4,41,59.2,6.1,13.3,4.1,89.5,4.74,134,80,218,No,Moderate,A
35,Male,Seattle,172,95.3,32.2,19,55,58.1,7.1,16.9,4.3,83.8,4.55,142,95,201,No,Moderate,O
39,Male,SF,177.4,89.8,28.5,21.8,47.9,66.4,5.2,11.7,4,94.2,4.91,152,83,214,No,Moderate,O
34,Male,Atlanta,170.1,99.4,34.4,22.4,63.4,59.2,5.7,17.1,5.4,97.5,5.03,136,81,210,No,Moderate,A
48,Female,Atlanta,155.5,77.8,32.2,16.1,51.1,55.5,4.8,10.8,3.9,102.1,5.18,156,84,238,No,Moderate,O
73,Male,Seattle,174,67.3,22.2,14.2,43.6,43.2,3.4,12.7,2.9,72.3,4.15,146,85,198,No,Moderate,B
34,Female,Dallas,164.5,68.7,25.4,14.8,36.5,56.6,4.1,11.1,3.9,77.3,4.32,142,87,195,No,Moderate,B
48,Male,Houston,158.8,74,29.4,14.8,37,54.9,4.8,10,3.6,70,4.07,151,87,216,No,Low,O
30,Female,Dallas,171.1,78.7,26.9,15.5,48.5,56.6,5.4,12.4,4.7,73.9,4.2,138,74,205,No,Moderate,A
44,Male,Dallas,178,91.4,28.9,21.8,62.5,64.2,6.6,14.5,5.3,80.5,4.43,141,93,192,No,Moderate,B
37,Female,Dallas,155.2,66.2,27.5,13.1,39.9,39,5,12.2,3.8,106.1,5.33,130,68,220,No,Moderate,B
34,Male,SF,177.5,59,18.7,11.7,37.8,46.2,3,7,3,70,4.07,138,74,185,No,Low,B
46,Male,Dallas,165.5,63.2,23.1,14.6,30.1,46.6,3.1,8.8,3.4,82.5,4.5,141,83,174,Yes,High,A
56,Female,Atlanta,171.6,78.9,26.8,19.8,35,54.8,5.3,14.6,3,70,4.07,161,80,211,Yes,Moderate,O
52,Female,SF,160,52.4,20.5,9.2,32.6,32.7,3.7,6.6,2.8,76.7,4.3,139,78,222,Yes,Moderate,A
25,Female,NY,158.6,79.4,31.6,17.7,48.2,57,5.8,9.6,4.5,81.4,4.46,132,80,174,No,Moderate,O
60,Male,Atlanta,170.1,92.9,32.1,19.4,49.2,68.5,5.2,14.8,4.4,98.1,5.05,150,95,241,No,Moderate,AB
55,Female,Atlanta,168.8,70.7,24.8,17.7,46.2,50.2,3.6,8,2.9,78.9,4.37,141,83,185,No,Low,AB
32,Male,Seattle,183.3,89.9,26.8,16.6,50.4,62.3,4.8,13.2,5.2,81.1,4.45,131,73,177,No,Moderate,A
67,Male,Seattle,165.6,82.8,30.2,17,48.2,57.6,5,12.3,4.1,99.7,5.1,150,91,220,No,Low,O
18,Male,NY,189.2,109.9,30.7,27.3,68.5,72.7,8.4,17.8,6.5,90.6,4.78,138,94,190,No,Low,A
50,Female,Atlanta,155.4,80.3,33.2,16.9,45,48.2,3.6,9.2,3.9,87,4.66,140,91,215,No,High,B
20,Female,Dallas,163.7,63.2,23.6,11.7,35.1,35.8,3.8,9.9,3.5,70,4.07,143,69,175,No,Low,B
56,Male,SF,177.2,97.8,31.2,22.9,56.5,66,6.3,16.2,4.2,109.4,5.44,149,96,233,No,Moderate,B
55,Female,LA,164.5,88.6,32.7,20.4,54.5,64.2,5.7,13.7,4.7,85.5,4.61,143,87,228,No,Moderate,O
65,Female,SF,165.7,62.5,22.8,13.3,42.1,49.1,4.8,10.7,3.3,94,4.9,141,82,217,No,Moderate,A
79,Female,Atlanta,166.9,76.6,27.5,17.5,44.6,47.2,5,15.1,4.2,98.4,5.05,170,94,233,No,Moderate,A
32,Female,Dallas,164.5,67.4,24.9,14.1,32.3,39.7,4.3,11,3.6,75.5,4.26,158,72,205,No,Moderate,A
79,Male,NY,181.2,72.3,22,17.3,42.8,47.4,6,11.6,3.2,88.6,4.71,169,79,211,Yes,Moderate,O
78,Male,SF,180.6,108,33.1,26.6,56.3,71.9,6.8,13.9,5.3,99.3,5.09,159,89,228,No,Low,O
59,Female,SF,167.9,107.2,38,24.2,74.8,82.2,6.8,15.8,5,105.9,5.32,152,81,207,No,Low,B
35,Female,NY,167.5,64,22.8,13.6,42.1,52.7,4.3,13,3,70,4.07,128,86,190,No,Low,B
55,Male,Houston,175,100.5,32.8,19.2,54.2,70.6,5.5,18.8,4.5,84.2,4.56,154,88,198,No,Moderate,A
48,Female,Houston,151.7,77,33.4,16.6,41.7,48.2,5,9.2,3.2,87.6,4.68,138,80,200,No,Low,B
37,Female,Atlanta,162.9,55.4,20.9,14,37.1,38.5,4.2,6.4,2.8,70,4.07,133,76,199,Yes,Low,B
76,Female,Dallas,161.2,71.4,27.5,12.5,45.7,58.5,5,9.2,3.9,78.5,4.36,154,85,212,Yes,Moderate,B
24,Male,Atlanta,172.2,63.2,21.3,15.6,41.4,47,5.2,12,2.4,70.4,4.08,129,78,181,No,Low,O
54,Female,Dallas,158.3,45.1,18,9.4,23.2,38.6,2.6,6.2,1.5,70,4.07,149,77,190,No,Moderate,O
44,Female,NY,162.5,58.4,22.1,12.1,30.6,41.6,2.9,9.8,2.1,82.7,4.51,138,84,198,Yes,Moderate,O
25,Female,Atlanta,163,48,18.1,11.6,29.2,21.1,1.2,6.4,1.5,70,4.07,112,70,186,No,Moderate,AB
31,Male,Seattle,183.8,93.7,27.7,23.1,57.1,65.8,5.4,20.5,4.2,70,4.07,148,86,180,No,Low,A
67,Male,SF,184.6,88,25.8,17.7,50.3,65.6,6.1,11.7,3.6,100.7,5.13,142,87,215,No,Moderate,B
32,Male,SF,178.4,59.7,18.7,13.1,42,40.4,3,10.7,3.8,70,4.07,125,71,193,No,Low,O
24,Male,Atlanta,178.7,92.6,29,18.6,57.9,53.5,5.3,19.2,4.2,70,4.07,128,83,177,No,Moderate,B
50,Male,Houston,171.2,52.8,18,12.4,27.2,33.7,2,6.6,3.4,70,4.07,129,89,201,No,Moderate,O
69,Male,Seattle,177.8,104.4,33.1,25.1,70.6,72.4,7.3,19.9,4.7,96.8,5,177,81,233,No,Moderate,O
51,Female,Seattle,156.2,55.6,22.8,14.5,38.4,43.6,3.3,5.4,2.6,70,4.07,139,81,197,No,Moderate,O
21,Female,Houston,156.9,51.7,21,12.4,22.8,30.8,3.4,11.2,3,70,4.07,124,84,192,No,High,A
18,Male,Houston,184.1,109.5,32.3,22.8,67.8,82.9,8.8,16.5,5,87.3,4.67,131,95,209,No,High,O
58,Male,SF,177.8,70,22.1,17.6,47.4,41.3,3.1,10.3,3,81.9,4.48,140,93,185,Yes,Moderate,A
31,Male,Atlanta,175.4,88,28.6,16.6,52.9,56.1,4.2,11.9,3.4,73.6,4.19,140,82,237,No,Moderate,AB
48,Female,Dallas,172.2,63.2,21.3,13.1,32.7,45.2,4.6,6.5,3,76.1,4.28,156,78,198,No,Low,A
55,Male,Dallas,194.3,113.8,30.2,23.9,59.1,75.3,8.3,17.2,5.5,97.2,5.01,154,79,222,Yes,High,AB
67,Male,Dallas,157.8,83.3,33.4,19.9,50.8,59.3,4.4,14.4,4.2,117.9,5.74,165,95,233,No,Moderate,AB
70,Male,Atlanta,164.1,79.3,29.5,16.2,46.2,56.7,5.2,17.8,4.4,96.7,5,143,92,226,No,Moderate,B
37,Male,Atlanta,185.7,94.5,27.4,21.3,56.2,60.5,6,13.5,5,102.8,5.21,148,83,207,No,High,O
20,Male,Dallas,177.8,56.9,18,13.3,35.6,44.8,5.1,9.3,2.7,70,4.07,126,68,184,No,Low,AB
52,Male,Dallas,170.1,92.2,31.9,19.6,59.9,63.4,4.9,12.2,4.8,90.7,4.79,165,84,235,Yes,High,B
63,Female,LA,161.9,79.2,30.2,21,41,57.7,4.8,13.6,4.1,89.4,4.74,145,89,207,No,Low,AB
50,Female,NY,159.3,79.1,31.2,16.3,42.5,46,4.8,13.4,4,103.5,5.23,148,91,224,No,Low,A
32,Female,Dallas,157.3,65.3,26.4,13.8,36.4,37.3,4.2,11.9,2.9,84.6,4.57,133,82,186,No,Low,O
20,Female,Atlanta,171,79.4,27.2,16.6,48.9,60.1,4.9,11.3,3.6,74.2,4.21,136,81,177,No,High,B
45,Female,SF,165.7,75.1,27.3,16.9,45.8,58.7,5,12.8,3.9,70,4.07,142,81,210,Yes,High,A
44,Male,Dallas,186.3,96.5,27.8,19.9,64.3,67.5,5.8,16.4,4.9,88.9,4.73,145,79,222,Yes,Moderate,O
64,Female,SF,163.5,60.4,22.6,13.1,35.3,42.5,4.5,11.2,3.7,72.6,4.16,163,82,210,No,Low,O
64,Male,Atlanta,175.5,79.7,25.9,15.1,39.5,53.3,5.9,13.1,4.3,101.1,5.15,163,83,214,No,Moderate,B
50,Male,SF,166.6,64.1,23.1,13.6,42.3,45.5,5.1,10.1,4.2,70,4.07,143,84,206,Yes,Moderate,O
36,Male,LA,169.3,87.1,30.4,19,58.1,57.9,5.9,14.5,4.1,86.9,4.66,132,70,196,No,Moderate,O
73,Male,Atlanta,184.8,107.6,31.5,24.2,63.7,78.5,6.6,18,5.1,99.2,5.08,151,82,212,No,Moderate,A
75,Male,NY,177.2,99.9,31.8,22.6,59,62.7,5.4,14.7,5.2,99.7,5.1,164,92,193,No,Low,O
50,Male,Dallas,171.4,81.5,27.7,17.8,44.7,51.8,3.2,13.7,3.6,82,4.48,153,80,221,No,Moderate,O
48,Male,Dallas,172,108.3,36.6,25.2,62.2,78.5,7.2,19.2,6.1,124.4,5.96,152,89,228,No,Low,B
21,Female,SF,176.6,70.2,22.5,15.7,40.4,47.8,3.9,13.8,4.1,70,4.07,131,73,182,No,Low,O
49,Female,Dallas,161.5,75,28.8,18,58.6,53.7,3.1,12.5,3.9,87.1,4.66,144,76,212,No,Low,O
59,Male,SF,171.9,77.5,26.2,19.2,46.2,61.2,4.3,18.9,3.5,75,4.24,164,89,218,No,Low,AB
45,Female,Houston,170,75.7,26.2,17.9,42,50.5,4.4,12.4,3.9,70,4.07,146,86,182,No,Moderate,A
73,Male,Houston,148.4,44.8,20.4,10.1,27.8,41.5,1.5,5.9,2.2,71,4.1,153,89,214,No,High,B
33,Female,SF,156.4,54.2,22.2,8.7,34.1,41.1,3.4,9.8,2.8,70,4.07,138,82,177,No,Moderate,B
66,Male,Atlanta,185.5,93,27,20.4,55.2,59.9,6.6,15.5,5.3,78.4,4.36,154,82,214,No,Moderate,B
60,Female,SF,163.1,80.6,30.3,16.4,42.7,44.6,4.1,9.8,3.7,70,4.07,161,89,226,No,High,O
45,Female,Seattle,170.9,87.2,29.8,19,56.6,60,4.7,8.2,4,103,5.22,148,82,230,No,High,O
32,Female,Houston,153.6,50.8,21.6,13.3,35.1,33,3.3,9,1.8,97.6,5.03,138,75,191,No,Moderate,A
65,Male,Seattle,168.7,85.1,29.9,16.8,48.4,39.4,5.8,14.4,4.1,92,4.83,147,82,209,No,Moderate,A
39,Male,Atlanta,178.5,64.2,20.1,14,36,47.1,4.3,10.2,2.8,76.4,4.29,142,78,196,No,High,A
48,Female,NY,157.5,82.2,33.2,17.5,43.6,51.4,5.5,12.3,4.1,101.5,5.16,152,95,221,Yes,Moderate,O
77,Female,LA,172.8,72.4,24.2,16.3,44.5,49,4.4,11.9,3.5,80.8,4.44,147,88,200,No,Moderate,A
38,Female,Atlanta,168.9,65.4,22.9,14.2,41.7,47.8,3.1,9.2,3.6,70,4.07,146,77,177,No,Low,B
49,Female,Seattle,159.4,61.7,24.3,15.9,41.7,41.1,3.5,12,3.4,70,4.07,144,79,202,No,Low,O
24,Female,NY,165.1,83.2,30.5,16.2,58.8,58.6,5.1,14.6,4.8,102.2,5.19,151,81,202,No,Low,A
50,Male,Seattle,172,59.7,20.2,14.2,40.8,45,4.6,11.6,2.7,77,4.31,148,79,198,No,High,B
25,Male,NY,168,89.3,31.6,19.5,54.4,51.6,5.1,15.5,3.9,87.9,4.69,141,82,211,Yes,Moderate,B
31,Male,Seattle,177.3,76.2,24.2,17.5,39.1,57.9,4.4,12.5,3,70,4.07,131,69,217,No,Moderate,A
79,Female,LA,155.4,83.8,34.7,18.1,52.9,53.6,5.9,15.1,4.6,90.7,4.79,165,92,247,Yes,Moderate,A
74,Male,NY,171.7,75.8,25.7,18.9,43.2,44.2,4.1,9.8,3.8,85.2,4.59,154,91,225,No,Low,O
42,Female,SF,159.8,69.2,27.1,15.6,41.9,39.3,3.9,10.9,3.8,96,4.97,146,78,182,No,Moderate,A
49,Female,Seattle,170.1,79.1,27.4,17.2,51.4,55,5.5,13.7,4.4,91.2,4.8,149,95,214,No,Low,AB
45,Female,SF,169.7,61,21.2,15.8,40.2,42.1,3.9,9.8,3.1,70,4.07,134,81,176,No,High,A
19,Male,NY,178.4,61.9,19.4,12.8,39.7,44.9,5.7,10.9,2.9,79.9,4.41,130,72,193,No,Moderate,O
34,Female,Houston,159.1,61.9,24.4,12.7,36.3,51.7,3.9,10,3.1,77.4,4.33,143,75,167,No,Moderate,AB
44,Female,NY,166.9,92.1,33.1,20.4,55.5,68.9,7,16.8,5.3,95.2,4.95,145,83,224,No,Low,O
19,Female,Dallas,163.9,77.5,28.9,18.5,39.4,57.8,5.2,13.5,4.8,77.5,4.33,136,80,197,No,Low,A
25,Female,Atlanta,162.3,73.5,27.9,17.3,46.1,46,4.9,14.7,3.7,75.3,4.25,138,81,200,No,Low,B
55,Female,Houston,168.7,82.9,29.1,17.6,58.5,55.3,4.2,14.6,3.7,95.8,4.97,166,86,206,No,High,B
37,Female,Atlanta,157.9,63.4,25.4,12.5,40.1,49.5,3.9,8.5,3.1,70,4.07,135,84,178,Yes,Moderate,A
66,Female,LA,164.2,48.6,18,11.3,27.3,28.4,3.4,9.5,2.3,70,4.07,152,83,206,No,Low,O
54,Male,LA,177.6,76.5,24.3,17.8,51.1,63.6,3.1,16.8,3.4,72.9,4.17,150,77,202,No,High,A
74,Female,SF,165.2,63,23.1,14,39,50.5,2.5,8.7,3.3,81.6,4.47,167,86,215,No,Low,A
38,Female,Dallas,154.9,52.2,21.8,12,34.9,45.1,3,10,2.7,70,4.07,129,83,174,No,Moderate,AB
43,Female,Seattle,156.3,79.1,32.4,17.8,50.5,58.7,4.4,11.8,2.7,106.2,5.33,151,84,201,No,High,A
48,Male,SF,171.4,90.4,30.8,21.8,56.1,56.7,5.4,17.7,4.6,94.4,4.92,145,91,230,No,Moderate,A
37,Female,SF,148.9,62.4,28.1,11.9,35.3,37.6,5.7,7.7,3.6,76.4,4.29,148,85,235,No,Moderate,B
23,Female,NY,148.2,62.7,28.5,14.8,33.5,37.7,3.2,9.3,3.3,77.7,4.34,140,69,226,No,Low,A
67,Male,Houston,179.3,93.7,29.2,22.8,50.8,54.7,5.5,15.7,4.3,89.7,4.75,151,89,223,Yes,Moderate,AB
32,Male,Atlanta,169.9,69.7,24.1,17.2,43.8,42,4.8,11.9,3.3,70,4.07,127,68,212,No,Moderate,B
74,Female,NY,146.9,51.1,23.7,10.8,32.3,39.2,3.3,10.6,1.6,99.4,5.09,163,85,210,No,Moderate,A
18,Male,SF,172.7,65.2,21.9,14.8,35.7,44.6,3.8,10.5,2.6,70,4.07,131,71,168,Yes,Moderate,A
43,Male,LA,174.6,92.4,30.3,18.7,57.3,65.2,6.3,15.7,4.7,82.5,4.5,140,90,231,No,Low,O
46,Female,NY,166,63.9,23.2,12.3,42.9,42.7,4.4,5.6,4.2,79.7,4.41,151,88,202,Yes,Low,O
19,Male,Atlanta,175.4,117.9,38.3,23.7,62.8,85.1,7.3,21.3,5.8,92.8,4.86,129,78,211,No,Low,B
39,Male,NY,180.3,62.8,19.3,16.6,32.7,47.7,4.9,5.9,3.7,80.8,4.44,136,78,195,Yes,Moderate,A
78,Male,Seattle,165.8,64.3,23.4,13.5,32.2,42.4,4.4,9.5,3.7,85.5,4.6,154,91,209,No,Moderate,A
77,Male,Houston,168,87.5,31,18.5,47.6,60.6,5.3,13.3,4.5,82.1,4.49,164,95,226,No,Moderate,AB
46,Female,Atlanta,158,61,24.4,12.5,42.2,41.3,2.9,10.2,1.8,70,4.07,130,84,190,No,High,A
26,Female,Seattle,160.4,75.4,29.3,18.4,39.4,57.2,3.9,15.4,4.5,83.4,4.53,140,86,194,No,Moderate,O
58,Female,Atlanta,150.1,57.2,25.4,13.4,36.1,34.8,2.8,7.8,2.9,89.3,4.74,162,80,188,No,Moderate,A
38,Female,Seattle,158.9,80.9,32.1,18.7,51.1,54,5.3,13.1,3.3,104.2,5.26,144,88,235,No,Low,O
72,Female,Atlanta,161.8,47.2,18,10.8,28.5,37,2.5,8.1,2.7,70,4.07,159,85,207,No,Moderate,O
74,Male,NY,172.2,68.3,23,15.8,31.3,51.4,3.7,12,3,100.5,5.13,147,83,226,No,Low,A
49,Female,Seattle,157.4,72.8,29.4,15.4,43.7,52.6,4.3,13.1,2.7,78.3,4.36,157,86,204,No,High,O
49,Male,NY,176.9,91.6,29.3,19.5,64.2,61.3,5.4,10.6,5.2,80.8,4.44,147,82,188,Yes,Moderate,O
64,Female,SF,152.5,65.4,28.1,15.6,42.7,42.6,3.1,10,3.5,91,4.8,158,77,197,No,Low,A
61,Female,Seattle,173.9,90.4,29.9,20.4,55.6,68.3,4.1,14.1,4.4,92.1,4.83,152,82,183,No,Moderate,A
57,Female,Atlanta,151.3,50.7,22.1,9.7,35.9,39.6,2.3,8.6,2.5,74.9,4.24,143,79,212,No,Low,B
43,Female,LA,155.2,74.8,31.1,15,51.6,53,3.6,9.8,4.3,73.5,4.19,145,86,230,Yes,Moderate,B
65,Female,Seattle,153.5,42.5,18.1,6.2,18.6,22.3,4,6.1,1.7,82.1,4.49,157,89,199,No,Low,B
79,Male,NY,177.8,56.9,18,14.6,32,45,4.1,9.4,3.2,77.5,4.33,155,87,212,No,Low,B
30,Male,Dallas,170.7,67.1,23,13.1,42.7,53.8,4.2,9.3,2.9,70,4.07,131,70,187,Yes,Moderate,AB
20,Female,NY,160.4,60.7,23.6,12.5,47,36.3,4.3,13,3.2,70,4.07,126,88,211,No,Moderate,AB
49,Female,NY,169.4,89.9,31.3,17.5,52.8,57.2,5.6,13.5,4.9,88.3,4.7,148,93,217,No,High,O
50,Female,NY,150.2,67,29.7,15.6,37.2,54.6,3.6,15,4.1,83.7,4.55,165,92,202,No,Moderate,O
50,Female,SF,165.8,88.6,32.3,17.1,36.4,55.2,4.4,14.1,3.8,90.1,4.77,157,87,234,No,Low,A
59,Male,Atlanta,163.3,72.1,27,17.9,40.8,53.9,4,14.3,2.8,83.5,4.54,155,91,236,Yes,High,B
59,Male,SF,173.4,77.5,25.8,19.1,40.3,52.5,3.4,13.7,3.9,92.4,4.85,142,90,208,No,Low,O
30,Female,SF,162.9,54.8,20.7,13.8,34.9,34.1,2.7,9.4,2.3,70.9,4.1,127,75,198,No,Low,B
60,Female,SF,162.6,67.6,25.6,16.4,40,42,5.2,8.5,4,70,4.07,147,87,205,No,Moderate,O
23,Male,NY,173.5,64,21.3,14.1,39.8,44.2,3.5,9.7,2.1,70,4.07,121,76,191,No,High,B
21,Male,Dallas,169.5,81.8,28.5,16.2,52.2,57.6,5.2,13.3,4.2,70,4.07,124,78,167,Yes,Moderate,O
55,Female,LA,155.7,86,35.5,16.9,45.8,68.5,4.4,17.3,4.2,109.4,5.44,163,92,237,No,Moderate,O
23,Male,Dallas,169.1,95.2,33.3,20.7,62.1,66.1,5.6,15.7,5.1,93.8,4.9,147,84,201,No,High,A
68,Female,LA,166.4,80.9,29.2,16.6,51.2,49.8,4.9,15.9,4.2,98.6,5.06,171,81,224,No,Low,B
20,Female,SF,158.5,64.3,25.6,14.3,37,42.5,3.2,12.6,3.6,81.3,4.46,125,84,195,Yes,Moderate,A
44,Male,Seattle,177.7,84.6,26.8,16.7,59.5,57.7,6.5,13.1,3.7,94.2,4.91,155,79,195,No,High,A
57,Female,LA,169.1,98.6,34.5,23.5,63.9,76.7,6.3,16,4.7,109.3,5.43,153,88,230,No,High,O
37,Female,Seattle,169.6,70.5,24.5,15.3,47.7,43.3,4.7,13,3.1,77.2,4.32,136,82,223,No,Moderate,O
35,Female,Seattle,166.8,83.7,30.1,17.2,55.8,54,5.5,14.4,3.9,91.4,4.81,141,76,243,No,Low,O
37,Female,Seattle,159.1,58.5,23.1,13.2,28.4,47.2,3.1,8.2,3.4,70,4.07,131,80,185,Yes,Moderate,AB
47,Female,LA,153.7,66.6,28.2,14.4,37.9,45.2,3.8,11.5,3.9,91.5,4.82,125,87,222,No,Low,B
27,Female,Dallas,168.2,50.9,18,12.6,31.9,38.2,2.5,9.9,3,70,4.07,137,81,185,Yes,Moderate,O
69,Female,Houston,164.2,75.4,28,18.1,47.4,56.6,6,8.3,3.8,84.4,4.57,165,85,235,No,Moderate,O
40,Female,LA,165.3,87.5,32,21.2,53,64.2,5.3,11.4,4.8,84.9,4.59,150,78,228,No,Moderate,O
64,Male,Houston,161.6,57.4,22,12.1,39.7,27.1,3.3,12,3.2,92.2,4.84,141,84,199,No,Moderate,A
20,Male,Houston,175.6,63.6,20.6,15.5,32,47.9,3.9,11.3,3.2,70,4.07,122,76,208,Yes,Moderate,A
69,Female,NY,156.5,67.7,27.7,12.7,38.8,49.4,3.6,10.2,2.9,85.6,4.61,161,91,195,Yes,High,O
67,Male,Dallas,179.6,88.5,27.4,20.1,50.3,66.7,4.9,12.5,3.6,95.1,4.94,156,81,213,No,Moderate,B
75,Female,Atlanta,156.7,83.4,34,14.6,51,60.4,4.3,14.7,5,118.8,5.77,167,91,215,Yes,Low,B
79,Male,Seattle,180.7,100.3,30.7,20.2,65,77.4,5.7,17.8,5.2,98,5.04,161,88,243,No,Moderate,B
26,Male,Dallas,176,90.6,29.2,19.9,50.3,59.4,5.2,15.1,5.2,80.1,4.42,129,80,192,No,High,A
66,Male,Seattle,179.2,82.6,25.7,18.5,50.2,59.5,5.9,12.9,4.2,83.3,4.53,140,93,223,Yes,Low,O
36,Female,Atlanta,166.3,72.8,26.3,15.4,49.9,50.8,4.5,13.5,3,83.2,4.53,151,85,204,No,Moderate,A
53,Female,Dallas,161.3,79,30.4,15.5,42,60.4,4.4,14.4,3.8,84.2,4.56,154,88,226,No,Low,B
57,Male,Dallas,180.9,72.4,22.1,16.7,36.6,52.8,5.5,13.3,3.2,70,4.07,153,88,187,Yes,Moderate,B
44,Male,SF,165.2,49.7,18.2,11.8,24,36.3,4,6.2,1,70,4.07,146,85,185,No,Moderate,O
59,Female,NY,155.2,65.2,27.1,14.4,45.7,44.5,4.7,11.5,3.6,82.9,4.52,160,86,202,No,Moderate,B
45,Male,Houston,171.1,69.4,23.7,14.4,33.5,52.1,5.2,8.8,3.5,75.8,4.27,120,87,208,No,Moderate,A
60,Male,Houston,180.7,105.1,32.2,26,68.2,79.1,6.6,16,4.6,98.9,5.07,178,91,230,Yes,High,O
68,Female,Atlanta,159.7,69.7,27.3,14.5,43.8,43.4,6.4,11.6,2.7,90.7,4.79,162,91,238,No,Moderate,O
25,Male,Seattle,170.3,83.6,28.8,15.9,44.9,61.2,5.8,14.4,4.9,70,4.07,139,81,198,No,High,A
59,Female,LA,151,61.2,26.8,11.8,37.9,49.2,5.1,11.1,3.1,97.1,5.01,151,90,204,No,Moderate,B
65,Male,Dallas,173.4,57.7,19.2,12.5,32.7,41.4,4.1,8.4,2,70,4.07,146,76,235,Yes,Low,B
25,Female,Atlanta,162.4,71.7,27.2,17.6,49,52.8,4.7,13.3,3.7,72.2,4.14,132,72,180,No,Moderate,A
35,Female,Seattle,164.6,68.6,25.3,11.6,47.5,59.1,3.7,12.7,3.8,76.3,4.29,124,81,216,No,Moderate,O
76,Female,Houston,154,68.4,28.8,14.2,39.3,40.8,3.7,13.2,2.6,92.6,4.85,169,81,212,No,Moderate,B
38,Male,Dallas,183.6,101.8,30.2,22.5,60.7,68,5,14.1,5.3,75.5,4.26,139,78,219,No,Low,A
63,Male,Atlanta,168.8,77.8,27.3,18.3,48.2,55.1,4.4,13,3.6,78.7,4.37,172,82,237,No,Low,O
30,Male,Seattle,175.3,88.4,28.8,19.3,45.4,66.7,5.7,10.1,5.3,105.2,5.29,139,82,204,No,Moderate,A
44,Male,Atlanta,169.6,106.6,37.1,25.9,66.5,66.1,6.1,19.4,6.1,107.4,5.37,147,90,244,Yes,Moderate,AB
64,Female,LA,155,72.6,30.2,17,46.5,44.7,3.8,13.6,2.6,109.2,5.43,150,87,222,Yes,Moderate,O
77,Male,Atlanta,186.7,100.9,28.9,23.3,69.5,79,5.2,14.7,4.6,104.3,5.26,171,94,229,No,High,B
79,Male,Seattle,170.2,65.8,22.7,14.3,43.3,43.6,3.9,9.1,3.5,94.7,4.93,155,91,208,No,Low,A
57,Male,Atlanta,178.4,89.2,28,20,63.1,74.4,5.2,12.2,4.8,83,4.52,149,95,229,No,Moderate,O
70,Male,Houston,160.8,59.6,23,13.6,37.6,37.2,4.4,10.5,3.1,73.5,4.19,164,91,220,No,High,AB
33,Male,SF,180.8,64.6,19.8,14.3,34.3,49.4,4.5,11.6,2.7,70,4.07,125,84,211,No,High,B
57,Female,Houston,166.2,76.4,27.7,16.1,42.6,45.6,4.1,11.2,4.3,79.5,4.4,147,79,237,No,Moderate,O
26,Male,Seattle,176.6,81.2,26,18.3,39.4,55.9,2.8,14.8,4.3,70,4.07,126,81,204,Yes,High,O
44,Female,SF,167.2,86.7,31,19.6,49.1,60.5,4.2,16,4.7,87.3,4.67,155,80,200,No,Moderate,O
34,Male,Houston,171.6,95.3,32.4,22.8,59.2,71.5,4.9,15.2,5.8,85.3,4.6,137,81,219,No,Low,O
20,Male,LA,168.4,83.4,29.4,18.4,52,47.2,4.3,11.5,4.4,85.4,4.6,130,84,211,No,Low,A
73,Female,LA,157.7,72.4,29.1,15.2,38.7,58.7,4.4,8.8,3.6,88.6,4.71,156,79,225,Yes,Moderate,AB
70,Female,Houston,172.3,108.6,36.6,23.6,70,82.3,5.6,20.4,6.3,117.3,5.72,162,92,238,Yes,Moderate,O
21,Female,LA,173,78.8,26.3,19,52.9,51.3,3.6,13.3,4.2,70,4.07,120,81,178,No,High,A
57,Female,SF,165.8,79,28.8,16.2,40.8,53.7,3.9,14.4,4.1,85.6,4.61,149,78,200,No,Low,O
69,Male,NY,158.5,70.6,28.1,14.1,39.8,58.1,2.7,11.9,3.5,108.1,5.39,166,94,189,Yes,Moderate,A
73,Male,Houston,167.2,72,25.8,14.7,44.1,49.5,4.7,14.6,2.9,87.3,4.67,160,88,215,No,Moderate,O
18,Male,Seattle,183.3,96.7,28.8,21.6,61.8,77.3,6,20.3,5.5,70.7,4.09,151,78,197,No,Moderate,O
31,Female,Dallas,170.4,79,27.2,16.5,46.9,51,4.7,12.9,4.3,85.3,4.6,142,83,191,No,High,B
25,Female,Houston,161.7,95.2,36.4,18.3,55.4,64,6.3,16,4.6,86.1,4.63,147,85,179,No,Moderate,O
24,Male,Dallas,178.2,93.9,29.6,17.3,52.3,68.8,5.9,17.3,4.3,99.2,5.08,138,69,186,No,Moderate,B
47,Female,Houston,150.1,60.5,26.9,13.8,29.9,41.2,3.7,13.1,2.5,75.5,4.26,151,83,216,Yes,Low,O
42,Male,LA,179.3,86.4,26.9,21.2,52.2,61.7,4.3,13.5,4.2,82,4.48,150,88,222,No,Moderate,AB
56,Female,LA,168.2,54.1,19.1,12.6,33.2,33.7,3.3,7.9,3.4,70,4.07,154,90,213,No,High,O
33,Female,Seattle,159.4,62.8,24.7,13,40.4,44.2,2.9,11.3,2.7,70,4.07,142,70,174,No,Low,O
28,Male,SF,172.6,79,26.5,20.7,45.6,60,4.3,13.5,3.7,70,4.07,132,68,207,No,Low,A
42,Male,SF,170.4,86.9,29.9,19,56.9,49.7,5.2,15.1,4.2,74.3,4.22,146,73,207,No,Moderate,A
50,Female,Houston,155.2,80,33.2,17.1,49.2,48.9,5.3,9.6,3.2,87.7,4.68,146,81,218,No,High,O
78,Female,LA,153.6,85.1,36.1,16.4,60.6,57.1,6.9,13,4.8,106.1,5.32,173,90,258,Yes,Low,A
71,Male,SF,175.8,87.4,28.3,21,58.5,62.8,4.4,12.5,4.1,86.4,4.64,146,85,224,No,Moderate,B
69,Female,NY,169.6,57.9,20.1,11.1,35.1,41.9,4.2,10.8,3.5,70,4.07,149,80,216,No,Low,O
68,Female,LA,158.1,65.4,26.1,16.2,46.3,49.5,5.1,10.3,4,108.6,5.41,150,89,208,No,Moderate,A
65,Male,SF,162.7,52.6,19.9,11.8,33.9,39,3.3,7.1,2.6,85.1,4.59,159,82,214,No,High,O
38,Male,LA,185.3,99.1,28.9,22.1,59.6,72.2,5.6,16.3,4.8,78.4,4.36,146,89,175,No,High,B
69,Male,SF,165,55.7,20.5,13.6,34.1,34.8,3.9,8.8,2.1,70,4.07,144,84,212,No,Moderate,AB
69,Male,LA,180.5,81.8,25.1,15.3,47.4,57.6,5.3,12.6,3.4,73.7,4.2,156,80,229,No,Low,A
27,Female,Houston,160.9,74.4,28.7,18.4,51.3,58.9,4.3,6,4.1,74.4,4.22,129,77,229,No,Low,B
73,Female,Atlanta,161.3,74.1,28.5,17.1,39.5,44.1,5,10,4.1,95.6,4.96,172,91,196,No,Low,O
67,Male,Dallas,163.9,74.6,27.8,17.6,43.1,55.8,3.8,11.5,4.2,86,4.62,158,93,231,No,Low,O
26,Male,SF,173,64.1,21.4,11.8,29.9,42.5,4.2,7.3,2.6,70,4.07,120,70,166,Yes,Moderate,A
18,Male,SF,171.7,78.2,26.5,16,45.4,66.3,2.9,12.2,4.5,70.4,4.08,134,78,193,No,Moderate,B
51,Female,LA,178,77.3,24.4,19.6,53.4,58.5,3.9,13.9,3.6,80.3,4.43,165,88,207,Yes,Moderate,O
48,Male,Houston,168.4,78.6,27.7,16.9,34.3,58.1,5.2,14.8,4.1,79.8,4.41,147,75,185,No,Low,B
38,Male,Atlanta,167.9,80.4,28.5,19.4,47.9,54.8,5.3,12.1,4.1,96.9,5,161,79,191,Yes,Moderate,O
41,Female,Dallas,162.2,73.7,28,13.5,37.9,45.2,5.2,14.2,3.9,84.2,4.56,150,81,197,No,Moderate,A
36,Male,Houston,166.8,68.2,24.5,13.4,48.3,45.1,4,15.3,2.8,80.9,4.45,130,83,191,No,High,O
78,Female,Seattle,166.6,85.1,30.7,19.7,50.9,58.2,5.1,15.3,3.5,82.7,4.51,166,84,227,No,Low,O
65,Female,Seattle,158.6,78.8,31.3,19.9,51.4,67.1,4.9,11.1,4.1,98.7,5.07,155,91,237,No,Low,AB
77,Male,Dallas,170.2,78.1,27,18.5,50.5,52,4.6,16.1,3.9,106.6,5.34,161,85,226,No,Moderate,B
77,Female,Dallas,163.7,79.9,29.8,15.5,42.8,47.6,6.4,11.2,3.9,116.1,5.67,180,89,228,No,Low,O
38,Female,Atlanta,157.9,75.8,30.4,17.6,47.3,57.1,4.4,11.2,3,70,4.07,139,85,216,Yes,Moderate,AB
42,Male,Dallas,165.6,74.2,27,16.2,37.2,49.8,4.3,13.3,3.2,83,4.52,132,75,205,Yes,High,O
37,Male,Dallas,164.3,86.1,31.9,19.1,65.5,50.7,3.7,10.7,4.1,101.1,5.15,154,85,209,No,Moderate,A
70,Male,NY,166.8,67.6,24.3,16,44,51.5,2.5,9.2,3.8,93.4,4.88,158,89,211,No,Moderate,A
43,Male,Seattle,182,97,29.3,21.4,60.7,67.3,5.5,18.1,5,101.1,5.15,140,78,211,Yes,Low,A
24,Male,SF,180.4,120.1,36.9,27.2,84,83.8,5.6,18.3,5.1,105.9,5.32,145,84,221,No,Moderate,A
20,Male,LA,191.3,95.8,26.2,21,54.3,68,4.9,13.7,4.1,73.6,4.19,137,76,197,No,Low,O
57,Female,Atlanta,154.4,64,26.8,15.1,40.9,43.1,4.5,9.4,3.3,95.7,4.96,152,94,207,No,Moderate,B
73,Female,NY,160.7,59.1,22.9,12.7,31.5,38.7,2.2,8.9,2.8,70.7,4.09,160,76,212,No,Moderate,A
65,Female,Seattle,161.8,71.9,27.5,15.1,47.9,40.9,5.9,10.8,4.9,70,4.07,158,83,207,No,Low,A
25,Male,Seattle,178.8,88.4,27.6,21.8,54.7,57.3,5,14.6,3.6,75.6,4.26,125,79,202,No,Moderate,O
70,Male,NY,182.8,60.2,18,11.9,30.5,42.2,3.4,10.5,3.4,70,4.07,155,84,193,No,Moderate,O
47,Male,Dallas,175.9,67.7,21.9,15.5,35,45.1,4.2,14,3.8,70,4.07,131,86,194,No,Moderate,A
28,Male,Atlanta,178.2,80.2,25.3,18,51.3,56.2,5.1,13.9,3.8,76.8,4.3,142,75,182,No,Moderate,A
25,Male,Dallas,177.3,60,19.1,14.3,35.3,48.4,2.3,12.7,2.6,70,4.07,125,80,192,No,Moderate,AB
74,Female,Atlanta,167.9,72.3,25.6,15.3,37.9,56,4,11.1,3.4,102.9,5.21,154,95,205,No,Moderate,A
54,Male,Atlanta,170.9,91,31.1,19.3,56.1,61.3,5.5,15.2,4.6,85.4,4.6,147,90,214,No,Moderate,O
34,Female,Seattle,161.4,70.9,27.2,14,44.9,58.6,4.9,10.8,3.7,70,4.07,134,78,200,No,Moderate,A
25,Male,Seattle,183.8,118.6,35.1,26.5,78.7,80.3,7.1,24.2,6,99.2,5.08,146,84,199,No,Moderate,B
64,Male,Seattle,179.6,73.1,22.6,18,48.2,50.5,4.7,18.6,3.8,70,4.07,147,92,200,Yes,Moderate,O
61,Male,NY,176.4,56,18,14.7,37.4,42.8,3.5,7.6,2.5,90.5,4.78,145,79,179,No,Moderate,A
47,Female,Dallas,159.7,58,22.7,9,37.3,34.9,4.2,8.9,2.2,82.8,4.51,148,86,202,No,Moderate,A
60,Female,SF,162,66.8,25.5,16.4,42.6,36.5,3.7,13.5,3.7,92.1,4.84,144,86,196,No,Low,A
60,Male,NY,180.1,106.2,32.8,24.1,59,87.1,7.5,18.9,5.2,97.5,5.02,148,89,214,No,Moderate,O
33,Female,NY,170.4,76.2,26.2,17.6,40.9,43.6,3.8,13.9,3.7,70,4.07,137,75,200,No,Low,A
72,Male,Seattle,175.6,77.1,25,19.2,41.1,59.1,5.7,10.3,3.7,85.1,4.59,148,88,241,No,Moderate,A
21,Female,SF,165.7,81.4,29.7,19,48.1,50.5,4.8,12.9,3.8,77.1,4.31,137,75,190,Yes,Moderate,A
38,Male,LA,177.1,92.3,29.4,18.6,61.2,55.6,5.3,15.1,4.6,70,4.07,137,88,199,No,Moderate,A
67,Male,Dallas,177.7,73,23.1,16.2,39,51.8,4.4,10.3,3.6,88.5,4.71,150,87,231,No,High,O
51,Male,Dallas,176.2,81.8,26.4,17.3,47,53,5.1,15.3,4.4,78,4.34,149,93,217,Yes,High,A
79,Male,Dallas,168.9,92.1,32.3,19.1,47,62.1,5.2,15.7,5.6,111.2,5.5,158,86,238,Yes,Low,A
57,Female,Houston,152.8,61.4,26.3,12.4,30.7,44.3,3.4,10.8,2.5,100.3,5.12,153,87,192,No,Moderate,O
52,Female,LA,167.3,90.4,32.3,20.5,52.1,70.2,5.8,11.5,4.9,96.1,4.98,154,90,203,No,Low,A
30,Female,Seattle,149.1,54.2,24.4,13.3,35.1,46.4,2.3,6.4,1.9,76.7,4.3,149,82,187,No,Low,B
60,Male,LA,182.3,116.2,35,25.7,69.2,83,6.9,22.3,5.7,94,4.9,172,91,204,No,Moderate,A
44,Male,Atlanta,179.9,124.1,38.4,28.3,76.9,82.3,7,21.4,5.8,91.8,4.83,147,87,229,No,Low,O
25,Male,SF,182.1,102.9,31,24,66.3,87.3,6.3,14.3,5.5,91,4.8,149,79,190,Yes,Moderate,B
58,Male,SF,183.4,93.7,27.8,21.7,61.8,69.5,6.1,13.8,4.5,85.8,4.62,136,89,209,No,High,B
59,Female,Seattle,157.7,80.5,32.4,16.5,41,42,5.3,12.5,4.9,108.6,5.41,156,92,216,No,Low,A
46,Female,SF,166.7,75.5,27.2,16.6,46.3,67.9,4.8,12.1,3.3,87.2,4.66,150,79,169,No,High,O
79,Female,Seattle,162.9,62.3,23.5,12.5,37.1,34.4,4.1,6.8,2.8,82.8,4.51,166,96,222,No,High,B
33,Female,Seattle,152.7,59.7,25.6,15.6,30.8,41.5,4.1,9.5,3.3,70,4.07,130,78,186,Yes,Moderate,B
60,Male,NY,174.2,93.6,30.8,21.4,60.1,71.4,6.7,18.5,5,97.4,5.02,143,84,203,No,High,O
70,Male,Dallas,185.6,114,33.1,28,69.8,73.7,5.9,19.4,6.2,118.1,5.74,163,101,214,No,Low,O
63,Female,LA,150.5,40.8,18,12,29.2,26.1,3,5,2.5,70,4.07,151,79,223,No,Low,A
22,Female,NY,167,81.9,29.4,19.6,50.6,62.1,4.5,8.1,4.5,72.1,4.14,132,75,203,No,Moderate,A
54,Male,Seattle,172.6,76.6,25.7,16.4,39.3,40.2,4.3,15.2,4.2,95.2,4.95,159,79,209,No,Moderate,O
57,Male,Houston,182.3,94.9,28.5,20.4,60.6,64.7,4.4,17.5,4.7,78.1,4.35,138,94,216,No,Low,A
57,Male,Houston,174.2,75,24.7,14.8,50.8,48.5,3.6,12.8,4.1,76.2,4.28,152,82,221,Yes,Moderate,O
59,Male,Seattle,173.9,81.5,26.9,16.6,41.8,53.8,5.1,14.4,4.4,86.8,4.65,132,89,207,No,Moderate,A
77,Female,Houston,159.2,50.4,19.9,9.9,32.1,42.7,2,10,2.3,73.1,4.17,151,84,199,No,Low,A
27,Male,LA,177,103.6,33.1,24.6,65.8,72.2,5.3,18.3,5.3,77.2,4.32,141,93,209,No,Low,O
32,Male,NY,164.9,64.7,23.8,12.6,33.4,46.1,3.8,9.8,2.8,84.2,4.56,138,77,194,No,High,B
38,Male,LA,175.9,55.7,18,11.9,35.2,43.5,3.9,5.9,2.5,73,4.17,124,84,187,No,Moderate,AB
51,Female,Atlanta,169.4,63,21.9,14.8,32.2,40.3,3.7,10.6,2.8,78.3,4.36,123,83,170,No,Moderate,O
39,Female,SF,164.8,70.7,26,17.2,45.4,56.6,2.7,10.2,4,75.5,4.26,140,73,219,No,Moderate,A
39,Female,NY,147.1,55.4,25.6,10.7,36.5,31.9,3.2,7.6,1.8,70,4.07,132,80,189,No,Moderate,O
26,Female,Dallas,162.5,61.4,23.3,12.4,32.5,25.7,3.7,10.9,3.3,90.9,4.8,133,76,202,Yes,Low,A
43,Male,Atlanta,166.6,54.1,19.5,12.1,28.9,22.5,4.3,11.1,2.8,85.6,4.61,143,86,189,No,Moderate,O
30,Male,Atlanta,171.7,84.8,28.7,19,49.8,61.3,4.8,9.5,4.4,77.6,4.33,140,80,209,No,Moderate,A
71,Female,NY,157.5,76.3,30.7,16.3,42.9,47.7,4.7,12.5,3.5,101.2,5.15,161,89,237,No,Low,O
35,Female,LA,169.3,87.8,30.6,18.4,46.4,59,4.4,12.5,4.1,83.6,4.54,141,85,209,No,Moderate,B
18,Female,NY,171,72.3,24.7,15.7,44.9,52.7,4.7,15.5,3.5,70,4.07,127,72,206,No,Moderate,O
40,Male,Dallas,172.4,87.3,29.4,19.8,52.5,60.7,5.5,11.9,4.4,89.3,4.74,157,91,221,No,Moderate,A
50,Male,Seattle,171.7,82.6,28,16.4,52.2,57.9,4.3,13.6,3.4,91.5,4.82,143,85,201,No,Moderate,A
64,Male,Dallas,174.1,89.8,29.6,20.1,53.6,64,5.3,14.8,4.6,95.4,4.95,164,86,212,No,Low,O
48,Male,LA,170,68.9,23.8,14.2,39.7,48.1,3.6,10.9,3.7,90.4,4.78,140,82,192,No,High,O
75,Male,Dallas,167.3,54,19.3,11.7,34,33.8,3.5,9.4,3,83.9,4.55,149,85,219,Yes,Moderate,O
38,Male,Houston,184.2,66.6,19.6,13.4,29.1,37.3,4.6,8.6,3.3,70,4.07,145,77,208,No,Low,A
40,Male,Atlanta,175.6,81.9,26.5,18,53.7,51.6,4.2,16.3,5.5,86.3,4.63,149,75,200,No,Moderate,B
33,Female,LA,174.8,96.4,31.5,19.6,49.8,66.9,5.6,13.6,5.3,94.5,4.92,154,83,211,No,Low,O
78,Female,Dallas,172.9,78.9,26.4,18.8,48.1,65.1,4.9,16.4,4.3,82.5,4.5,164,91,210,Yes,Moderate,A
44,Male,Dallas,180.2,96.2,29.6,22.7,56.1,63.1,6.8,16,5.5,95.7,4.96,140,80,210,No,Moderate,AB
54,Female,Houston,160.1,73.4,28.6,13.5,38.1,55.8,5.4,17.1,3.2,78.6,4.37,146,94,193,No,Low,O
55,Female,LA,169.7,92.8,32.2,19.7,53.3,70.6,4.8,19.4,4.7,92.9,4.86,165,90,190,Yes,Moderate,A
69,Female,Seattle,161.9,56.4,21.5,10.3,36,41,3.6,7.7,2.7,80.9,4.45,159,80,235,No,High,O
31,Female,SF,163.5,57.3,21.4,11.3,18.5,38.9,3.6,13.8,4,74.2,4.21,131,68,197,Yes,Moderate,O
54,Female,Seattle,166.3,78.4,28.4,17.2,52,47.5,5,11.9,4,91.7,4.82,153,83,202,Yes,Moderate,B
64,Female,Seattle,152.6,68.8,29.5,15.2,42.2,43.7,4.2,9.4,2.9,97.9,5.04,162,84,241,No,Moderate,O
24,Male,Dallas,169.2,93.3,32.6,19.7,52.1,76.4,5.8,14.9,4.9,90,4.76,134,74,194,No,High,O
29,Female,Atlanta,158.2,52.5,21,10.9,30.4,44.2,3.5,5.2,2.2,87.5,4.68,134,84,215,No,Low,B
45,Female,SF,164.6,80.1,29.6,17.1,48.9,61.1,5.8,14.4,4.5,79,4.38,158,77,191,No,Moderate,A
20,Male,Houston,177.4,83.7,26.6,18,52.8,54.9,5.8,13.2,3.7,73.9,4.2,114,79,179,No,High,A
39,Male,Seattle,188.8,102.3,28.7,22,65.7,65,7.1,17.2,3.9,105.4,5.3,137,77,212,No,Moderate,AB
68,Male,SF,162.3,72.9,27.7,16,50.6,53.1,3.4,10.9,3.4,82.9,4.52,161,96,232,No,Moderate,B
38,Male,Dallas,166.2,67.6,24.5,14.3,41.8,39.1,2.7,13.2,3.9,75.9,4.27,153,71,235,No,Low,O
46,Female,SF,156.2,78.7,32.3,16.6,39.8,56.3,4.4,11.5,4.3,96.9,5,140,90,220,No,Moderate,O
37,Male,LA,169.8,66.6,23.1,14.8,46.4,48.6,4.5,9.9,3.7,70,4.07,139,77,219,Yes,Moderate,A
20,Male,Atlanta,164.9,67.6,24.8,15.8,31.6,47.5,4.3,12,3.1,70,4.07,131,73,177,No,Moderate,A
44,Female,Dallas,168.7,84.7,29.8,20.5,55.5,62.8,4.9,14.3,4.5,114.3,5.61,140,79,194,No,Moderate,A
38,Male,NY,169.3,77.1,26.9,17.4,46.9,58,4.3,9.8,3.9,88,4.69,137,80,201,No,Low,AB
58,Female,LA,166.6,106.9,38.5,22.8,70.8,83.4,6,15.9,5.8,96.9,5,162,91,211,Yes,Moderate,O
50,Male,NY,167.7,63.7,22.6,14.3,34.9,57.2,4.4,9.9,2.5,74.9,4.24,145,80,201,Yes,High,O
47,Female,Dallas,161.8,70.2,26.8,13.2,37.5,47.5,4.2,8.9,4.1,83.9,4.55,133,77,207,No,High,A
65,Male,Seattle,178.1,93.1,29.3,17.9,54.2,80.3,6.4,14,4.3,87.7,4.68,158,87,212,No,Low,O
56,Female,Atlanta,160.1,53.3,20.8,12.4,25.9,40.5,3.2,11.6,2.5,70,4.07,155,80,210,No,Moderate,A
58,Male,LA,177.1,57.3,18.3,12.4,40.8,34.1,2.2,8.9,2.4,70,4.07,144,83,208,Yes,High,AB
76,Female,Seattle,156.6,63.5,25.9,12.8,34.1,44.9,3,10,3,90.6,4.78,151,91,218,No,High,O
26,Male,SF,177,87,27.8,18.6,51,55.3,4.8,13.1,4.6,76.4,4.29,142,77,224,Yes,Low,O
65,Female,Dallas,162.2,66.6,25.3,13,47.6,52.6,4.1,10.5,3.9,77,4.31,146,92,226,No,High,O
55,Male,Dallas,182.1,117,35.3,26.1,70.2,90.1,6.3,20.2,6,117.2,5.71,152,89,233,No,Moderate,A
40,Female,LA,157.7,61.9,24.9,15.5,46,38.4,3.5,14.3,2.9,70,4.07,136,86,205,No,Moderate,A
71,Male,Houston,184.8,82.9,24.3,20.3,54.2,55.8,5.3,13.1,4.2,86.3,4.63,150,87,217,No,Moderate,A
40,Female,SF,160.8,77.7,30.1,18.8,40.4,59.8,4.7,12,4,79.2,4.39,143,79,229,No,Low,O
18,Male,Houston,175.9,82.2,26.6,19.4,53.1,50.1,4.7,16.3,4.5,79.4,4.39,122,78,195,No,Moderate,O
38,Male,Houston,171.6,79.4,27,18,45.8,52,4.6,14,4,88.3,4.7,133,84,213,No,High,B
49,Female,NY,164.4,79.6,29.4,19,40.2,43.8,4.9,16.8,4.4,95.5,4.95,147,85,202,No,High,O
62,Female,Houston,169,89.9,31.5,19.1,62,65.1,6.8,15.7,4.2,85.6,4.61,155,96,208,No,Low,A
43,Male,Dallas,175.6,97.1,31.5,20.2,60.1,67.6,5,14.7,5.2,102.7,5.21,149,87,191,No,Low,B
50,Male,LA,168.9,78.1,27.4,17.2,38.3,52,4.5,13.5,3.4,78.6,4.37,145,90,203,No,High,A
77,Female,Seattle,172.2,76.8,25.9,15.6,52.3,47.8,4.5,10.6,3.8,79.3,4.39,167,90,210,No,High,O
26,Female,Houston,164.6,99.2,36.6,21,69,72.4,5.8,16.8,5,83.8,4.55,145,86,196,Yes,Moderate,B
34,Female,NY,160.1,96.8,37.8,21.5,61.2,61.3,4.9,15.5,4.3,103.1,5.22,138,95,235,No,Moderate,A
23,Female,Houston,160.5,65.4,25.4,17.4,41.2,42.6,4,7.4,3.4,81.4,4.46,148,73,180,Yes,Moderate,AB
63,Female,Seattle,162,63.4,24.2,14.7,43,44.8,3.6,11.8,3.4,95.5,4.95,161,88,243,No,Low,B
24,Male,Atlanta,172.7,61.6,20.6,12.9,31.5,36.9,3.2,10.5,3.1,70,4.07,131,83,161,Yes,Low,A
24,Male,Atlanta,184.5,96.3,28.3,21.2,55.8,58.7,6.2,12.5,4.2,79.5,4.4,133,75,206,No,High,O
74,Female,LA,163.7,83.3,31.1,20.5,54.4,56.8,4.3,13.7,4.2,92.3,4.84,159,92,219,No,Moderate,AB
74,Male,Atlanta,180.9,64,19.6,14.6,39,46.3,5.2,12.6,3.5,74.9,4.24,153,83,216,No,Moderate,A
54,Male,Houston,161,75.3,29,18.2,50.6,59.6,4.9,14.3,3.6,85.4,4.6,160,98,199,No,Moderate,A
22,Male,SF,175.8,57.7,18.7,13,45,41.7,4.7,10.6,1.9,70.2,4.07,121,70,168,Yes,High,A
50,Male,Seattle,169.2,76.5,26.7,15.1,48.4,49.7,3.2,10.7,3.7,80.1,4.42,155,85,217,Yes,High,AB
67,Male,Houston,160.9,46.6,18,8.7,30.4,19.1,3.6,9.4,3,70,4.07,137,82,210,No,Low,A
27,Female,Atlanta,160.2,46.9,18.3,10.4,22.4,34.3,3.1,7.3,1.8,70,4.07,124,81,172,Yes,Low,A
34,Male,Atlanta,181.7,74.5,22.6,13.7,44.8,44.6,4.5,10.6,4.2,92.8,4.86,145,85,188,No,Moderate,O
57,Female,Atlanta,164.1,65.3,24.3,14.8,35.1,46.2,3.3,13.7,3.5,70,4.07,142,83,213,No,Low,AB
45,Male,Dallas,171.1,62.2,21.3,13.6,34.3,38.1,2.9,8.2,3,70,4.07,129,87,203,No,Moderate,B
64,Female,Atlanta,161.6,76,29.1,16.3,48.4,55.5,4.7,12.8,4.5,99.4,5.09,157,90,210,No,Moderate,B
63,Male,Dallas,180.5,105.9,32.5,22.8,67,74.5,6.3,17.3,5.5,89.4,4.74,157,95,215,No,High,A
39,Male,Seattle,180.5,91.1,28,22.8,49.8,65.2,4.8,16.7,5,78.6,4.37,155,84,174,Yes,Low,AB
38,Female,Seattle,162,61.6,23.5,14.7,34.9,46,3.4,9.4,3.2,97.4,5.02,141,80,219,No,Moderate,O
79,Male,Seattle,173.8,68.3,22.6,13.8,38.8,41.5,4.1,12.6,2.8,94.1,4.9,134,87,199,Yes,Low,O
64,Female,Seattle,149.6,49,21.9,7.6,28.4,44.3,3,10.8,2.9,70,4.07,159,84,184,No,Low,A
73,Male,Dallas,168.9,90.2,31.6,18.6,50.1,54.6,6.3,12.2,4.3,89.7,4.75,162,88,248,No,Low,B
49,Male,Atlanta,181.4,75.8,23,19.4,43.5,53.4,3.9,10,2.8,71.6,4.12,135,68,223,No,Moderate,O
49,Male,NY,183.2,100.9,30.1,20.8,62.7,74.8,8.3,18.5,4.8,100.7,5.14,148,87,225,No,High,O
68,Female,NY,166.9,108.2,38.8,22.6,68.3,74.9,7.5,13.4,5.8,117.9,5.74,168,93,254,No,Moderate,A
53,Female,NY,162.2,83.4,31.7,19.4,53.6,58.9,5.4,14.4,3.7,114.3,5.61,144,81,223,No,Moderate,A
48,Female,Seattle,165.9,82.1,29.8,16.6,43.1,55.2,4.8,15.4,4.3,76.8,4.3,139,78,212,No,Moderate,B
23,Male,Atlanta,174.8,88.1,28.8,20.5,50.4,64.8,3.5,14.2,4.3,91,4.8,136,78,203,Yes,Low,O
71,Male,LA,173.2,69,23,15.3,36.2,52.6,4.2,11.8,3.5,76.9,4.31,173,92,223,Yes,Moderate,B
38,Male,SF,184.4,70.7,20.8,15.4,33,53.5,3.9,11.9,4,70,4.07,139,90,195,Yes,Moderate,O
52,Female,Dallas,156.2,63.7,26.1,12.4,41.9,44.5,3.5,12,3.2,73.7,4.2,158,87,205,No,High,O
31,Female,NY,169.1,63.4,22.2,14.3,40.7,52.9,3.4,8.6,3.1,70,4.07,141,72,165,No,Moderate,AB
40,Female,Atlanta,168.5,103.3,36.4,23.7,62.5,72.9,8.3,19.1,5.4,97.5,5.02,140,91,213,No,High,A
79,Female,Seattle,151.8,71.8,31.1,11.6,37.2,53.9,4.7,8,3.1,94.2,4.91,166,91,208,Yes,Low,A
59,Male,NY,175.7,100.2,32.5,22.9,60.6,67.5,5.4,13.2,5.4,113.6,5.59,155,82,238,Yes,Moderate,O
79,Male,SF,193.1,103.5,27.8,25.6,59.5,64.7,6.7,17.4,5,99.5,5.09,172,82,230,No,Moderate,O
41,Female,NY,162.7,63.7,24.1,13.9,37.1,50.5,4.2,11.5,3.3,70,4.07,135,88,208,No,Moderate,AB
47,Female,Atlanta,167.9,77.7,27.5,14.9,45,65,3.2,11.8,3.1,70,4.07,155,92,201,Yes,Moderate,B
27,Female,Dallas,171.5,106.9,36.3,24.4,71.6,78.6,6.9,19.2,6.1,92.1,4.84,137,81,200,No,Moderate,A
22,Female,Dallas,170.8,90.6,31,19.4,44,63.4,4.1,13.9,4.4,87.3,4.67,131,69,177,No,Moderate,O
78,Male,Seattle,175.5,74.6,24.2,16.9,43,57.4,4.7,8.5,4.1,82.7,4.51,161,88,233,No,Moderate,A
76,Male,NY,180.1,111.8,34.5,22.5,59.7,74.5,6.6,22.7,5.2,103.9,5.25,172,90,229,Yes,Moderate,A
59,Female,LA,170.9,102.8,35.2,21.4,55.8,66.8,6.5,18.2,4.9,93.9,4.9,149,96,240,Yes,Low,O
47,Male,Seattle,166.9,88.7,31.9,20.9,52.8,55,4.9,11.2,4.9,106.4,5.33,143,82,208,No,Low,A
24,Male,Atlanta,183.1,80.5,24,17.8,54,53.1,4.2,12.3,4,70,4.07,124,73,190,Yes,Low,A
23,Male,LA,173.1,74.7,24.9,15.7,44.6,45.8,3.7,10.9,4.2,70.9,4.1,140,63,210,No,Moderate,B
25,Male,Houston,165.9,75.2,27.3,16.2,42.3,44.9,4.3,13.1,3.7,79.9,4.41,128,70,181,No,Moderate,O
69,Male,Houston,176.7,96.8,31,21.6,59.9,59.5,5.2,13.5,5,94.8,4.93,150,98,249,No,Low,A
43,Female,Houston,160.7,80.1,31,16.8,50.5,61.8,5,10.3,4.8,89,4.73,149,91,206,No,Moderate,A
76,Female,SF,168.5,51.1,18,11.2,38.5,36.8,3.3,14.2,2,98.2,5.05,137,84,231,No,Moderate,A
35,Male,NY,174.4,66.3,21.8,15.5,41.9,38.2,4.3,6.5,2.6,83.4,4.53,145,75,184,No,High,A
53,Female,NY,162.7,81.2,30.7,16.9,54.2,56.1,5.1,15,4.5,89.4,4.74,150,80,232,No,Moderate,B
43,Male,Seattle,179.6,126.2,39.1,26.9,86.8,90,7.6,21.6,5.7,111.5,5.51,168,94,238,No,Low,O
53,Female,LA,159.8,55.2,21.6,12.1,31.3,33.6,2.3,10.3,2.5,70,4.07,150,73,211,No,High,B
58,Female,LA,168.2,68.6,24.3,15.3,46.1,50.5,4.6,11.8,4.3,94.9,4.93,145,86,192,No,Moderate,A
21,Female,Seattle,164.7,74.2,27.4,16.1,38.3,57.4,4,10.4,3.7,79.4,4.4,129,75,204,Yes,Low,O
71,Female,Houston,155.6,44.4,18.4,10.5,23.8,20.5,2.9,7.8,1.6,70,4.07,143,90,199,No,High,A
77,Female,Atlanta,159.5,78.1,30.7,18.3,40.1,56,4.7,14.3,3.8,107.1,5.36,164,98,214,No,Moderate,O
30,Male,LA,165.5,78.3,28.6,19.4,45.9,58.8,4.9,15,3.2,78.7,4.37,139,87,201,No,Moderate,AB
72,Male,NY,174.7,71.2,23.3,16.4,47,52.6,4.7,12.8,4.7,86,4.62,147,88,209,No,Moderate,B
41,Female,SF,154.4,84.7,35.5,18.1,47.9,63.3,3.7,11.6,4.2,105.2,5.29,145,92,194,No,High,O
72,Female,LA,157.6,88.1,35.5,17.1,53.8,60.1,4.5,13,4.3,127.3,6.06,167,92,229,No,Moderate,O
48,Male,NY,170.3,92.8,32,20.1,59,66.8,4.3,14,3.7,83,4.52,155,87,212,No,Moderate,B
39,Female,Houston,163.4,49.1,18.4,9.6,24.2,45.3,2.2,10.5,2.2,70,4.07,137,76,200,No,Moderate,O
57,Male,SF,176.6,84.6,27.1,20.7,53.5,53.4,5.9,13.8,4.4,96.2,4.98,164,73,193,No,Moderate,A
35,Male,Houston,179.1,97.2,30.3,19.7,65.2,66.7,5.4,15,3.7,74.8,4.23,139,89,213,Yes,Low,B
51,Male,NY,160.4,63.6,24.7,12.2,45.8,46.9,4.5,12.9,2.9,83.5,4.54,136,89,237,No,Low,AB
40,Male,Houston,187.7,89.2,25.3,18.8,54,60.4,5.5,17.4,4.6,72.3,4.15,157,77,207,No,Moderate,O
56,Male,Dallas,180.1,109.4,33.7,21.4,72.2,72.6,5.8,15.2,5.4,90.9,4.79,147,94,199,Yes,High,AB
64,Female,Seattle,156.9,79,32.1,14.7,50.6,53.5,4.8,15.8,5.1,96.5,4.99,153,91,223,No,Low,O
54,Male,NY,175.3,91.7,29.8,20.1,57.5,79.1,5.1,17.1,5.4,97.1,5.01,163,82,195,No,Moderate,O
75,Male,Houston,163.5,78.4,29.3,16.3,53.7,47.2,3.7,11.9,3.5,109,5.42,156,88,215,No,Low,A
64,Female,Seattle,161.2,67.7,26.1,15.4,40.7,55.7,3.8,10.7,3.2,89.2,4.74,143,83,230,No,High,A
18,Female,Atlanta,157.5,60.3,24.3,14.4,37.6,38.2,3.7,9.1,3.5,70,4.07,129,75,198,No,Moderate,B
76,Male,Seattle,180.9,65.6,20.1,15.8,38.9,33,3.3,8.5,2.8,70,4.07,148,88,234,No,Low,O
59,Male,Houston,196.5,102.7,26.6,20.8,60.8,75.5,4.9,17,6.2,96.7,5,166,80,177,No,Low,O
37,Female,Houston,160.9,92.1,35.6,19.9,46.8,65.3,5.3,15.2,5.3,109.4,5.44,145,80,204,No,Moderate,O
64,Female,Seattle,166.4,93.2,33.6,20.9,55.4,63.9,5.7,15.3,4.5,104.3,5.26,153,95,234,Yes,High,AB
42,Female,NY,147.2,65.3,30.1,12.4,43.5,50.2,3.1,9.7,3.6,83.2,4.53,138,86,226,Yes,Low,O
23,Female,NY,158.4,66.1,26.3,14.3,39.2,41.4,2.2,10.7,3.6,70,4.07,125,82,181,No,Moderate,A
69,Male,Dallas,173.1,94.2,31.4,20.2,58.7,67.1,4.3,15.5,4.6,86.1,4.63,165,87,200,No,Moderate,B
47,Male,Houston,160.8,64,24.8,12.7,35.7,50.6,3.4,11.2,3.9,70,4.07,142,83,231,No,Moderate,AB
37,Female,SF,168.3,68.2,24.1,15.7,37.2,57.1,3.5,8.4,3.6,70,4.07,124,70,190,No,Low,A
26,Male,LA,171.1,84.1,28.7,19.8,47.7,62.4,4.3,14.1,4.9,70,4.07,143,82,203,No,Moderate,AB
73,Male,Houston,173.3,79.6,26.5,18.5,48.5,63.5,5.4,13.1,4.1,101.8,5.17,167,99,198,No,Low,O
65,Female,Seattle,161.4,46.9,18,8.9,27,31.7,3.6,7.9,2.7,70,4.07,148,85,213,No,Moderate,O
66,Male,SF,177.9,92.3,29.2,17.8,52.4,57.7,6.3,12.1,4.5,94.8,4.93,150,80,210,No,Low,O
35,Male,SF,179.9,106.5,32.9,23.5,64.3,76.1,6.2,18.5,5.8,84.9,4.59,137,80,205,No,Moderate,O
57,Female,Dallas,166.4,65.8,23.8,16.1,36,47.1,5.1,12,3.1,102.7,5.2,154,78,186,No,Moderate,O
20,Female,Atlanta,154.9,76.5,31.9,15.7,52,46.1,4.3,13,4.5,95.6,4.96,142,90,207,No,High,B
53,Male,LA,177.9,93.9,29.7,20.9,57.7,65.3,6.4,18.4,4.8,88.2,4.7,151,86,207,No,Moderate,A
23,Female,Atlanta,160.7,61.2,23.7,13.7,34.5,42.9,4.2,9.5,3.1,70,4.07,138,83,171,No,Low,O
61,Male,LA,171,70.3,24.1,14.6,38.1,47.8,4.1,10.3,3.8,97.6,5.03,151,80,218,No,Moderate,O
55,Male,SF,169.1,73.9,25.8,16.7,38.9,40.7,5.5,11.7,3.3,86.5,4.64,147,86,202,No,Moderate,O
18,Male,Dallas,179.8,112.1,34.7,25.2,59.3,78.5,7.6,21.7,4.9,110.2,5.47,136,81,186,No,Moderate,O
36,Female,NY,165.5,76.3,27.8,15.2,40.9,61.3,4.4,8.5,3.4,81,4.45,149,74,209,No,Moderate,O
55,Male,Dallas,167.1,76.4,27.4,16.1,51.7,58.4,5,10,4.2,98.2,5.05,151,91,209,No,Low,B
45,Male,Seattle,173.3,85.7,28.5,18.1,47.3,54.3,4.6,11,3.7,93.7,4.89,149,84,220,No,Low,A
64,Male,Houston,164.8,105.2,38.7,25.6,56.8,79.1,7.1,17.1,5.8,111.1,5.5,174,85,248,No,Moderate,A
26,Female,SF,162.9,82.5,31.1,18.9,52.3,54.4,5.2,12.3,4.4,89.7,4.75,135,75,209,Yes,Low,AB
64,Male,LA,173.1,65.1,21.7,13.2,46.1,39.6,2.1,9.2,3,78.3,4.36,145,83,191,No,Moderate,O
27,Male,LA,183.7,93.9,27.8,19,60.1,74.9,6,15.3,4.8,70,4.07,139,90,204,No,Moderate,A
41,Male,LA,183.1,96.1,28.6,24.3,55.7,78.6,6.9,14.1,4.5,79.9,4.41,129,87,213,No,Moderate,AB
43,Male,SF,169.9,84.1,29.2,18.2,41.1,59.1,4.2,14.2,4.2,79,4.38,153,84,178,No,Moderate,B
25,Female,Atlanta,150.4,69.1,30.5,18.4,38.1,53.6,5.6,9.1,3.3,72.5,4.15,145,77,202,No,Moderate,B
22,Male,LA,179.7,84.4,26.1,18.4,55.4,55.6,5.8,12.9,4.6,70,4.07,140,80,198,No,Low,B
30,Female,NY,159.2,74.1,29.2,11.7,53.4,45.5,6.1,10.2,3,102.9,5.21,127,81,186,No,Low,A
39,Male,Dallas,177.8,78.8,24.9,13.1,41.2,48.3,4.5,12.5,4.4,87.4,4.67,131,85,206,Yes,Low,O
51,Male,NY,179.8,98.6,30.5,21.9,62.5,62.9,7,15.8,5.8,83.6,4.54,134,82,204,No,Moderate,O
42,Female,Dallas,159.7,84.1,32.9,16.3,49.8,56.4,4.3,11.5,4,90.9,4.79,159,87,229,No,Moderate,O
40,Male,Seattle,164.8,64.2,23.6,14.1,40.1,38.7,3.7,9.9,3.2,72.7,4.16,134,76,215,No,Moderate,A
58,Female,Seattle,171.1,89.6,30.6,19.3,47.1,70.3,6.4,14.6,4.1,84.1,4.56,142,84,200,No,Moderate,A
65,Male,Atlanta,164.7,88.7,32.7,19.7,48.6,53.5,5.7,15.5,3.3,92.4,4.85,163,96,229,No,Moderate,B
38,Female,NY,168,60.1,21.3,15.1,44.6,48.4,5.6,14.4,2.8,70.5,4.08,137,84,207,No,High,B
20,Male,SF,168.9,95.8,33.6,17.5,56.8,60.7,5.7,19.7,4.5,83.6,4.54,135,71,213,No,Low,A
25,Female,Seattle,167.1,80.3,28.7,20.6,48.1,61.3,4.5,15.9,3.9,80.4,4.43,139,84,181,No,Moderate,O
63,Male,Dallas,173.9,72.7,24,14.7,37.3,47.7,4.7,9.9,3.5,79.1,4.38,153,89,208,Yes,Moderate,B
67,Female,Seattle,172.2,61.8,20.9,13.6,45.9,46.5,4.7,7.7,3.7,83.8,4.55,153,92,187,No,Low,A
79,Female,SF,158.1,61.8,24.7,14.9,46.3,44.1,2.5,6,3,73.8,4.2,152,94,209,No,Low,B
56,Female,Seattle,160.3,62.4,24.3,14.8,35.1,43.1,3.7,6.5,3.3,70,4.07,161,94,205,No,High,O
68,Male,Houston,174.1,107.2,35.4,24.3,61.5,69.3,6,15.1,5.4,112.6,5.55,159,90,226,No,High,O
56,Female,Houston,158.9,69.9,27.7,16.1,42.4,43.4,4.8,8.7,3.3,88.6,4.72,143,84,205,No,Low,A
39,Male,NY,182.6,87,26.1,19.6,44.9,65.4,4.3,14,3.6,99.9,5.11,137,77,182,No,Moderate,B
62,Male,Houston,175.6,69.5,22.6,17.1,30.7,49.8,3.5,12.1,4,80,4.41,132,92,216,No,Low,O
28,Female,Houston,159.9,63,24.6,16.6,38.6,45.7,4.5,10.1,3.3,80.4,4.43,123,80,196,No,Low,A
40,Male,Atlanta,173.6,106.7,35.4,21.9,65.5,60.5,6.6,18.4,4.9,90.2,4.77,151,79,213,No,Low,O
66,Male,SF,181.2,84.2,25.6,18,59.5,59,4.3,10.6,3.8,73.6,4.19,149,82,217,No,High,A
33,Male,Seattle,183.3,115,34.2,26.8,73.2,88,7.9,15.2,5.5,94.4,4.92,150,81,194,No,Moderate,A
69,Female,NY,159.3,61.8,24.3,12.2,29.2,44.6,2.6,11,2.4,96.6,4.99,176,82,217,No,Moderate,A
77,Male,LA,176.2,70.3,22.6,16.7,44.1,44.6,4.2,9.2,2.8,70,4.07,157,83,206,No,Moderate,O
68,Male,Dallas,174.7,88.7,29,18.1,51.5,68.7,4.5,16.4,4.2,83.6,4.54,164,93,206,No,Moderate,A
45,Female,LA,168.9,91.2,32,20.6,47.3,57.5,5.9,16.7,4.7,79.7,4.41,163,81,217,No,Low,O
52,Female,Atlanta,153.3,42.3,18,10.8,24.9,39.2,1.5,4.6,1.1,70,4.07,136,85,202,No,Low,O
59,Male,SF,185.4,80.5,23.4,20.3,49,56.1,5.7,14.9,4.6,74.6,4.23,136,86,191,No,Moderate,O
46,Female,NY,174.7,54.9,18,11.8,35.1,41.5,4,8.9,2.2,70,4.07,145,78,185,No,Low,A
76,Female,Houston,163.5,68.6,25.7,14.7,30.2,48.6,3.6,11.8,2.9,99.2,5.08,171,90,217,No,Moderate,A
73,Male,Houston,178.3,119.8,37.7,28.8,77.2,79.2,5.9,18.1,5.2,112.5,5.55,185,109,242,No,Low,O
55,Male,Dallas,166.1,64.7,23.5,15.2,48.3,40.8,4.6,8.7,3.5,83,4.52,140,90,176,No,High,A
23,Male,Atlanta,183.2,80,23.8,15.9,47.8,51.6,6.1,13.7,4.2,78.5,4.36,126,74,206,No,High,B
66,Female,LA,163.3,71.4,26.8,15.2,46.4,64.5,4.3,13,4.2,86.1,4.63,141,77,213,No,Moderate,O
31,Male,Atlanta,170.9,88.4,30.3,20.4,50.1,52.2,5.5,15.9,5.1,78.9,4.38,150,78,205,No,Low,A
46,Male,Houston,175.6,64.1,20.8,12.9,36.4,53.3,3.9,11.4,3.8,84.3,4.56,151,77,202,No,Low,O
66,Female,NY,160.8,78.7,30.5,13.5,47.7,58.1,3.9,14.1,4.9,101.1,5.15,160,94,229,No,Low,A
79,Male,Houston,181.3,110.4,33.6,25.5,66.7,77.6,6.3,16.3,6.1,111.8,5.52,166,90,217,No,Moderate,B
45,Male,LA,161.9,75,28.6,17.1,33.7,67.2,4.6,12.4,4.2,91.9,4.83,154,86,199,No,Moderate,B
27,Female,Houston,165.8,82.5,30,16.7,46.9,54.2,4.4,10.6,4.1,70,4.07,159,80,216,No,High,O
63,Female,NY,153.1,52.2,22.3,12.8,30.9,35.5,3.1,8.7,2.8,85.1,4.59,151,89,201,Yes,High,A
64,Male,Dallas,178.1,57.1,18,12.8,32.5,32.8,3.3,8.6,2.3,70,4.07,151,90,192,Yes,Low,A
21,Female,NY,158.9,84.6,33.5,20.2,50.1,49.4,5.6,14.7,4.1,93.8,4.9,140,75,211,No,Low,AB
41,Male,Houston,186.3,129,37.2,29.1,79.8,91.7,6.8,20.1,7.4,109.7,5.45,147,91,224,No,High,A
19,Female,Dallas,168.7,81.7,28.7,16,47.7,57.2,4.5,11.1,4.5,78.6,4.37,141,75,202,Yes,Low,AB
63,Male,Seattle,172.3,98,33,23,63.8,70.4,6,10.6,4.8,89,4.73,161,94,218,No,High,AB
76,Female,SF,158.9,75.2,29.8,16.2,54.2,58.2,6.8,11.1,3.7,87.1,4.66,146,94,262,No,Low,B
46,Female,NY,166.4,84.3,30.4,18,45.2,52.2,5.5,16.6,5.3,83.6,4.54,149,91,221,No,High,O
42,Female,NY,160.5,68,26.4,15.6,35.6,36.5,3.8,12.9,3.8,72.5,4.15,152,82,214,No,Moderate,AB
48,Female,LA,157.9,79.5,31.9,15.7,42.7,59.3,5.1,13.3,4.1,94.2,4.91,139,83,202,No,Moderate,A
64,Male,Seattle,184.6,103.2,30.3,23.1,62.2,64.2,7.1,17.4,5.3,104.9,5.28,148,88,206,No,Moderate,A
68,Male,LA,166.7,92.7,33.4,22.2,56.4,72.5,5.3,13.5,4.7,106.1,5.32,148,89,244,No,Moderate,A
63,Male,LA,167.5,68.1,24.3,12.5,37.2,43.3,2.7,11.7,3.7,71.7,4.13,157,82,188,No,Low,A
32,Male,LA,170.8,84,28.8,17.6,51.3,60.6,4.6,15.9,4.3,83.6,4.54,136,76,191,No,Moderate,A
55,Female,Seattle,178,119.2,37.6,23.2,68.6,98.6,5.3,19.7,6.7,107.6,5.38,164,93,214,No,High,A
50,Female,Atlanta,167.8,86.1,30.6,17.1,47.6,59.5,6.1,14.8,3.7,86.5,4.64,148,84,206,No,High,A
67,Female,LA,162.6,79.1,29.9,15.7,41.4,54,4.8,12.3,3.9,94.2,4.91,158,90,221,Yes,High,O
66,Female,Houston,165.5,96.7,35.3,22.4,49.4,60.7,4.9,13.9,4.8,101.3,5.16,148,84,222,No,Low,A
25,Male,NY,185.9,94.5,27.3,21,63.9,72.2,7.1,17.5,5.6,71.6,4.12,125,89,167,No,High,O
57,Male,SF,176.9,62.3,19.9,12.5,36.8,40.9,3.6,10.2,2.8,88.2,4.7,151,76,193,No,Low,O
33,Male,Dallas,168.1,82.4,29.2,17.9,47.6,53.5,4,10.3,5.1,85.6,4.61,140,83,200,No,Moderate,A
55,Female,SF,157.7,85.3,34.3,18.3,51.7,66.6,5.1,13.1,5.6,97.6,5.03,138,94,244,No,Low,A
61,Female,Seattle,167.4,65.9,23.5,14.8,50.1,50.9,3.2,7.7,2.5,97.3,5.02,145,85,206,No,High,AB
58,Female,Seattle,154.6,57.1,23.9,12.4,25.5,41.3,4.7,9.3,3,84.4,4.57,163,81,206,Yes,Moderate,A
51,Male,SF,176.7,83.7,26.8,17.4,39.5,59.5,5.6,13.1,3.8,77.1,4.31,142,84,210,No,Low,O
23,Female,Houston,161.6,50.4,19.3,10.8,25.2,36.6,2.8,8.5,2.1,70,4.07,124,72,196,No,Low,O
56,Female,NY,160.8,65.5,25.3,14.7,44.4,31.4,3.3,6.2,3.2,73.7,4.19,153,81,218,Yes,Moderate,B
57,Female,Houston,160.4,63,24.5,14.4,32.6,42.3,4.3,12.5,3.4,71.3,4.11,151,82,218,No,Moderate,A
66,Male,SF,166,82.1,29.8,17,49,70.2,5.7,16.7,5,106.5,5.34,157,87,224,Yes,Moderate,B
40,Male,Dallas,179.6,83.7,25.9,18.6,51.8,48.3,4.4,14.6,4.5,70,4.07,142,83,213,No,Low,O
70,Male,SF,169.4,81.8,28.5,18.5,41.4,63.1,5.5,16.1,4,70.1,4.07,170,84,213,No,Moderate,A
67,Male,NY,176.2,66.9,21.5,14.5,43.7,49.9,4.9,12.9,3,84.4,4.57,136,82,220,No,Moderate,A
38,Male,NY,173.3,75.8,25.2,15.8,54.3,46.1,5.8,10.1,3.7,79.3,4.39,128,79,198,Yes,Moderate,A
52,Male,Dallas,174,79,26.1,18.6,51.1,50,5.8,11.5,3.5,77.2,4.32,144,84,226,No,Moderate,A
64,Female,Seattle,162.8,79.2,29.9,17.5,44.9,50.1,4.4,9.7,3.6,80.1,4.42,149,88,214,No,Moderate,A
46,Male,Dallas,173.6,92.8,30.8,20,58.8,64.2,5.9,17.1,5.2,88.2,4.7,141,95,223,No,Low,A
52,Female,Seattle,169.1,61.7,21.6,14.5,39.1,49.4,4.7,9.6,3.1,84.4,4.57,139,79,213,No,Low,A
19,Female,Houston,157.5,47.4,19.1,11.4,31.3,28.9,3.7,7.2,1.7,70,4.07,129,70,189,Yes,Moderate,A
50,Female,SF,167.7,52.9,18.8,15.2,32.7,35.1,3.4,10.1,2.6,77.6,4.33,142,86,213,No,Moderate,B
43,Female,Atlanta,161.6,84.4,32.3,16.9,55.3,53.8,4.6,10.5,4,74.9,4.24,151,86,224,No,High,B
61,Female,Dallas,167.4,71.7,25.6,14.1,43.6,52.1,4.4,11.4,3.1,86.2,4.63,152,89,235,No,Moderate,A
49,Female,Houston,160.2,108.4,42.3,24.1,65.6,82.7,5.3,18.8,5.9,98.7,5.07,148,94,232,No,High,A
35,Male,Seattle,173.5,101.4,33.7,25.9,58.1,78.5,6,19.5,5.4,91.6,4.82,151,87,225,No,Moderate,A
51,Female,LA,165.2,79.3,29.1,15.3,44.1,64.4,4.3,14.9,4.4,97.7,5.03,156,72,214,No,High,O
47,Female,NY,184.1,72.9,21.5,15.9,40.1,50,4.6,15.3,4.8,70,4.07,124,85,223,No,High,A
61,Female,SF,161.2,67.7,26,14.1,43.3,43.3,3.8,8.1,3,72.6,4.16,141,78,205,No,Moderate,B
40,Female,Atlanta,154.2,47.5,20,11.6,30.8,38.7,1.1,6.1,2,70,4.07,129,82,210,No,High,O
65,Female,SF,167.5,66.7,23.8,13.6,45.4,48.7,3.1,12.1,4.2,80.8,4.44,155,75,208,No,Moderate,B
72,Male,LA,171.6,77.2,26.2,16.8,43.4,48,4.9,11,3.6,71.7,4.13,160,86,223,Yes,Moderate,O
37,Male,Atlanta,167.7,63.6,22.6,12.6,41.3,42.8,4.1,6.5,2.8,86.7,4.65,127,77,165,No,Moderate,O
63,Male,Dallas,170.9,85.2,29.2,20.1,55.4,50.9,6.8,14.2,4.3,76.8,4.3,150,83,202,No,High,A
75,Female,SF,167.8,77.8,27.7,15.9,51.5,50.9,5,12.4,4.1,98.8,5.07,151,90,213,No,High,O
40,Female,Atlanta,171.9,77.9,26.4,17.3,43,60.7,5.3,12.3,3.6,91.4,4.81,134,78,181,No,Moderate,O
57,Female,SF,159.9,59.8,23.4,12.5,36.1,33.9,3.8,7.7,3.1,73.6,4.19,159,83,177,No,Low,B
25,Female,Atlanta,160.5,59.9,23.3,11.2,34.3,34.6,4.3,7,3.1,70,4.07,126,72,189,No,Moderate,B
31,Female,LA,162.3,47.4,18,11.3,31.3,34.7,3.7,9.3,3.3,70,4.07,118,69,177,No,Low,B
77,Male,Seattle,174.1,89.2,29.4,18.7,56.4,70.3,5.5,16.3,5.4,85,4.59,164,90,236,No,Low,B
40,Female,NY,166.9,83.2,29.9,14.2,51.6,52.7,5.2,12.9,4.1,96.9,5,141,87,191,Yes,Moderate,O
63,Female,Seattle,157.1,80.7,32.7,20.4,46.2,46.8,3.9,16.2,3.8,90.6,4.78,148,93,220,No,Moderate,B
31,Female,LA,165.4,92.3,33.8,21,56.6,69.5,4,19.5,4.5,86.7,4.65,147,79,185,No,Moderate,O
19,Male,Houston,170.6,83.8,28.8,20.1,50.9,53.6,6.1,14.5,4.1,70,4.07,139,73,186,No,Moderate,B
75,Female,Atlanta,161.7,87.6,33.5,22.1,46.9,68.3,5.3,12.8,4.2,98,5.04,173,94,216,No,Low,A
21,Male,Atlanta,168,86.8,30.7,21.3,57.9,62.9,3.7,13.8,4.2,70,4.07,153,83,193,Yes,Moderate,O
41,Male,Atlanta,169.4,96.6,33.7,19.2,46.6,68.6,4.9,15,5.7,98.1,5.05,141,87,172,No,Moderate,A
68,Female,NY,159.7,45.9,18,10.7,33.2,26.3,3.8,4.8,1.8,86.9,4.66,148,87,231,Yes,Low,B
53,Female,Dallas,158.1,61.9,24.8,11.9,35.3,46.2,4.6,7.8,3,94.9,4.93,145,81,231,No,High,A
26,Male,Houston,169.1,78.3,27.4,15.5,38.4,44.5,4.8,13.5,3.8,88.6,4.71,139,82,182,No,Low,A
33,Female,SF,155.9,49.7,20.4,10.3,34.3,36.4,4.1,7.9,2.1,70,4.07,135,79,176,No,Moderate,A
49,Male,Atlanta,187.9,65.6,18.6,15.2,25.2,56.4,2.4,8.1,1.7,70,4.07,142,73,186,No,High,B
49,Female,Atlanta,173.1,86.3,28.8,19.5,46.3,58.5,5.2,10.3,4.2,88,4.69,144,80,200,No,Moderate,O
44,Female,NY,158.5,45.2,18,9.4,29,36.6,2.2,7.7,1.9,84.8,4.58,156,77,199,Yes,Low,O
32,Female,Houston,168.1,95.9,33.9,22.6,59.9,64.7,4.8,15.1,6.2,91.5,4.81,140,83,209,No,Moderate,O
66,Female,Dallas,159.6,70.8,27.8,14,44.3,54.2,4.3,12.1,3.2,84.8,4.58,158,78,209,Yes,High,O
21,Male,Atlanta,170.9,70,24,17.8,40.7,42.6,2.8,6.9,4.3,85.2,4.6,141,74,188,No,Moderate,AB
53,Male,Houston,177.2,89.7,28.6,20.6,52.3,60.4,5.9,12.2,4.2,90.7,4.79,149,86,210,Yes,Moderate,O
75,Male,Houston,179.3,109.7,34.1,26.1,70.7,72,5.5,19.1,4.4,90.9,4.79,164,83,244,No,High,A
42,Female,SF,165.8,107.9,39.3,26.9,63.8,78,5.1,9.8,5.1,111.9,5.53,157,86,198,No,Moderate,O
32,Male,Atlanta,162.3,59.2,22.5,13.8,39.1,42.1,4.4,8.6,2.6,82.5,4.5,135,76,170,No,Low,A
77,Female,NY,162.1,55.6,21.2,11.2,26.3,41,2.4,12.2,2.6,78,4.34,156,87,203,No,Low,A
29,Male,Seattle,176.5,88.7,28.5,18.2,59.1,72.8,4.8,12.6,4.6,83.2,4.53,146,87,193,Yes,Moderate,O
24,Female,SF,162.2,76,28.9,14.2,44.6,56.8,5.6,13.5,3.9,83.6,4.54,135,71,189,No,Low,A
53,Male,Atlanta,175.8,65.7,21.2,12.7,40.7,45.9,3.8,15.8,3.7,93.4,4.88,147,79,219,Yes,Low,B
41,Female,Atlanta,164.5,69.2,25.6,17.7,33.6,54.6,3.5,12.8,3.7,73,4.17,125,82,210,No,Moderate,O
23,Male,NY,180.6,89.9,27.5,18.4,53.9,59.1,4.5,16,3.7,73.6,4.19,124,77,201,Yes,Low,A
65,Male,Houston,171.7,70.8,24,19.8,41.9,45.9,4.7,11,3.4,81,4.45,159,85,233,No,Low,A
58,Female,LA,160,92,36,20.8,63.2,65.9,5.5,12.3,3.9,108.5,5.41,159,91,230,No,Low,O
77,Female,LA,157.6,50.5,20.3,12,28.6,23.3,5,11.6,3.1,82.3,4.5,161,88,202,Yes,Moderate,A
62,Male,SF,177.6,78.8,25,18.9,50.8,43.2,5.3,14.9,4.6,70,4.07,157,86,238,No,Moderate,B
48,Male,Seattle,175.8,111.9,36.2,26.1,65,85.3,7.8,20.9,6,73.4,4.18,153,90,208,No,Moderate,A